Link ID,URL,Sentiment Score
1,https://timesofindia.indiatimes.com/life-style/health-fitness/health-news/i-told-my-boyfriend-i-was-hiv-positive-and-this-happened-/articleshow/66880405.cms,0.1484685242176056
2,https://timesofindia.indiatimes.com/life-style/health-fitness/health-news/pay-attention-to-these-7-very-common-hiv-symptoms-in-women/articleshow/66880738.cms,0.2591422498226166
3,https://timesofindia.indiatimes.com/city/chennai/transfusion-of-hiv-blood-panel-seeks-time-till-jan-9-to-give-report/articleshow/67401565.cms,0.5
4,https://timesofindia.indiatimes.com/city/mumbai/no-of-pregnant-women-testing-hiv-dips-still-over-600-this-year/articleshow/66890273.cms,0.5
5,https://timesofindia.indiatimes.com/life-style/health-fitness/health-news/busted5-hiv-aids-myths/articleshow/66880090.cms,0.05676281452178955
6,https://timesofindia.indiatimes.com/life-style/health-fitness/health-news/myths-and-taboos-related-to-aids/articleshow/66936585.cms,0.08142659068107605
7,https://timesofindia.indiatimes.com/city/mumbai/free-hiv-tests-at-six-rly-stns-for-a-week-from-dec-1/articleshow/66778185.cms,0.8035831451416016
8,https://timesofindia.indiatimes.com/city/chennai/hiv-blood-tranfusion-tamil-nadu-govt-assures-action-against-officials/articleshow/67394202.cms,0.5
9,https://timesofindia.indiatimes.com/city/madurai/autopsy-performed-on-hivve-donors-body-at-grh/articleshow/67356851.cms,0.5
10,https://timesofindia.indiatimes.com/city/madurai/hc-directs-to-videograph-hivve-donors-autopsy/articleshow/67330633.cms,0.17795568704605103
11,https://timesofindia.indiatimes.com/city/madurai/hiv-ve-tn-teen-who-attempted-suicide-dies/articleshow/67316060.cms,0.5
12,https://timesofindia.indiatimes.com/city/coimbatore/another-woman-claims-she-got-hiv-infected-blood/articleshow/67319072.cms,0.5
13,https://timesofindia.indiatimes.com/city/chennai/another-woman-says-she-got-hiv-from-donor-blood/articleshow/67293723.cms,0.5
14,https://timesofindia.indiatimes.com/city/madurai/hiv-case-5-member-panel-begins-inquiry-in-virudhunagar/articleshow/67294063.cms,0.5
15,https://timesofindia.indiatimes.com/city/madurai/pregnant-woman-turns-hiv-positive-after-blood-transfusion/articleshow/67244584.cms,0.5
16,https://timesofindia.indiatimes.com/city/madurai/pregnant-woman-contracts-hiv-after-transfusion-in-tn/articleshow/67258162.cms,0.5
17,https://timesofindia.indiatimes.com/city/coimbatore/man-attacks-niece-born-with-hiv-for-sleeping-in-his-house/articleshow/67110209.cms,0.5
18,https://timesofindia.indiatimes.com/india/health-ministry-announced-implementation-of-hiv-aids-act-2017-all-you-need-to-know/articleshow/65764317.cms,0.5
19,https://timesofindia.indiatimes.com/india/when-meds-dont-heal-hiv-kids-fight-daily-war-with-side-effects/articleshow/65663512.cms,0.17080211639404297
20,https://timesofindia.indiatimes.com/business/india-business/insurers-cant-deny-cover-for-hiv-patients-says-irdai/articleshow/66156781.cms,0.7649273872375488
21,https://timesofindia.indiatimes.com/city/chandigarh/people-come-to-aid-of-hiv-positive-patient/articleshow/66946457.cms,0.5
22,https://timesofindia.indiatimes.com/city/madurai/dip-in-hiv-infected-pregnant-women-in-madurai-collector/articleshow/66901802.cms,0.5
23,https://timesofindia.indiatimes.com/city/chandigarh/citizens-urged-to-get-tested-for-hiv/articleshow/66903829.cms,0.5
24,https://timesofindia.indiatimes.com/city/chandigarh/fight-hiv-target-the-sections-at-risk/articleshow/66902653.cms,0.16976109147071838
25,https://timesofindia.indiatimes.com/city/nashik/people-show-there-are-no-full-stops-after-hiv/aids/articleshow/66886530.cms,0.8574110269546509
26,https://timesofindia.indiatimes.com/city/bengaluru/armed-with-a-positive-attitude-hiv-infected-youths-chase-dreams/articleshow/66890963.cms,0.13517332077026367
27,https://timesofindia.indiatimes.com/city/trichy/man-weds-woman-concealing-hiv-infection-booked/articleshow/66092552.cms,0.5
28,https://timesofindia.indiatimes.com/city/jaipur/women-children-with-hiv-narrate-ordeal-at-city-event/articleshow/66901838.cms,0.5
29,https://timesofindia.indiatimes.com/city/nagpur/instances-of-hiv-increasing-among-young/articleshow/66888363.cms,0.5
30,https://timesofindia.indiatimes.com/city/gurgaon/world-aids-day-hivve-inmates-in-ambala-central-jail-get-proper-treatment/articleshow/66897181.cms,0.7804583311080933
31,https://timesofindia.indiatimes.com/city/chandigarh/served-persons-with-hiv-aids-for-decade-woman-now-fights-for-life/articleshow/66890912.cms,0.5
32,https://timesofindia.indiatimes.com/city/chennai/steep-increase-in-hiv/aids-infection-among-tamil-nadu-youth/articleshow/66890000.cms,0.5
33,https://timesofindia.indiatimes.com/city/ludhiana/hiv-man-keeps-it-secret-booked-after-wifes-plaint/articleshow/65986942.cms,0.5
34,https://timesofindia.indiatimes.com/home/science/newborn-son-contracts-hiv-infection-from-father-study/articleshow/65993896.cms,0.22139593958854675
35,https://timesofindia.indiatimes.com/city/mysuru/medicine-that-prevents-post-natal-aids-tramission-supplied-to-mysuru-after-brief-delay/articleshow/65877525.cms,0.5
36,https://timesofindia.indiatimes.com/life-style/health-fitness/health-news/computer-simulations-can-predict-the-spread-of-hiv-study/articleshow/65255760.cms,0.20957082509994507
37,https://timesofindia.indiatimes.com/city/bengaluru/hiv-patient-claims-bengaluru-hospital-denied-treatment/articleshow/66573471.cms,0.5
38,https://timesofindia.indiatimes.com/city/kolkata/hiv-woman-denied-surgery-at-hospital-son/articleshow/66326121.cms,0.02030080556869507
39,https://timesofindia.indiatimes.com/city/mumbai/hiv-man-cleared-of-killing-son-he-thought-was-infected-too/articleshow/65446699.cms,0.5
40,https://timesofindia.indiatimes.com/city/chandigarh/chandigarh-aids-control-society-ties-up-with-department-of-forest-and-wild-life-to-create-awareness/articleshow/66039220.cms,0.5
41,https://timesofindia.indiatimes.com/city/chandigarh/6-jind-jail-inmates-found-hivve/articleshow/65140934.cms,0.5
42,https://timesofindia.indiatimes.com/india/india-sees-major-reductions-in-hiv-infections-un-report/articleshow/65064434.cms,0.5
43,https://timesofindia.indiatimes.com/city/chandigarh/pvt-drug-de-addiction-centres-to-have-hiv-testing/articleshow/65834883.cms,0.5
44,https://timesofindia.indiatimes.com/city/delhi/at-city-mall-transgenders-say-with-pride-theyre-born-this-way/articleshow/65775205.cms,0.5
45,https://timesofindia.indiatimes.com/city/madurai/hiv-case-pil-seeks-revamp-of-tnsacs/articleshow/67373719.cms,0.5
46,https://timesofindia.indiatimes.com/city/chennai/hiv-ve-woman-lodges-plaint-against-kmch/articleshow/67305888.cms,0.5
47,https://timesofindia.indiatimes.com/city/madurai/hiv-infected-woman-given-3-cents-of-land/articleshow/67305841.cms,0.5
48,https://timesofindia.indiatimes.com/city/goa/discrimination-of-hiv-patient-ngo-files-complaint/articleshow/65599728.cms,0.20162814855575562
49,https://timesofindia.indiatimes.com/city/meerut/hiv-positive-woman-in-labour-denied-admission-at-up-govt-hospital/articleshow/65599374.cms,0.17347705364227295
50,https://timesofindia.indiatimes.com/city/goa/gmc-reveals-identity-of-hiv-man-kin-in-trauma/articleshow/65585439.cms,0.08519485592842102
51,https://timesofindia.indiatimes.com/city/goa/terminal-decline-of-goa-tourism/articleshow/67411023.cms,0.047299355268478394
52,https://timesofindia.indiatimes.com/world/mad-mad-world/chinese-gay-dating-app-halts-registration-after-underage-hiv-report/articleshow/67415197.cms,0.5
53,https://timesofindia.indiatimes.com/city/ahmedabad/matrimony-site-for-hiv-positive-people-launched-at-iim-a/articleshow/65494427.cms,0.8166770935058594
54,https://timesofindia.indiatimes.com/city/thiruvananthapuram/zero-hiv-centre-opened-for-transgender-people/articleshow/67175558.cms,0.5
55,https://timesofindia.indiatimes.com/world/pakistan/islamabad-seeks-ex-envoy-hussain-haqqanis-extradition-from-us/articleshow/67402717.cms,0.5
56,https://timesofindia.indiatimes.com/city/thiruvananthapuram/zero-hiv-surveillance-centre-opened-for-transgender-people/articleshow/67168845.cms,0.5
57,https://timesofindia.indiatimes.com/city/bhubaneswar/womens-panel-no-aid-for-hiv-patient/articleshow/67134269.cms,0.5
58,https://timesofindia.indiatimes.com/city/guwahati/experts-to-spread-hiv-awareness/articleshow/65865674.cms,0.5
59,https://timesofindia.indiatimes.com/city/chennai/pil-in-madras-high-court-seeks-removal-of-tn-aids-control-society-staff-who-dont-have-proper-qualification/articleshow/67379825.cms,0.5
60,https://timesofindia.indiatimes.com/city/madurai/postmortem-of-hiv-positive-blood-donor-begins-after-madras-hc-clarification/articleshow/67348959.cms,0.5
61,https://timesofindia.indiatimes.com/city/indore/states-first-virology-lab-to-be-inaugurated-on-saturday/articleshow/67342056.cms,0.5
62,https://timesofindia.indiatimes.com/city/chandigarh/transgender-woman-spreads-aids-awareness/articleshow/67355930.cms,0.5
63,https://timesofindia.indiatimes.com/city/chennai/hiv-positive-blood-donors-death-in-tn-kin-to-move-madras-hc-seeking-autopsy-by-external-experts/articleshow/67323963.cms,0.5
64,https://timesofindia.indiatimes.com/city/coimbatore/health-minister-must-resign-anbumani/articleshow/67305819.cms,0.5
65,https://timesofindia.indiatimes.com/city/coimbatore/transfusion-of-hiv-positive-blood-pmk-demands-resignation-of-tn-health-minister/articleshow/67299221.cms,0.5
66,https://timesofindia.indiatimes.com/city/chandigarh/college-students-told-about-hygiene/articleshow/67295395.cms,0.5
67,https://timesofindia.indiatimes.com/city/chennai/transfusion-of-hiv-positive-blood-to-pregnant-tn-woman-donor-dies-after-consuming-poison/articleshow/67307471.cms,0.5
68,https://timesofindia.indiatimes.com/city/madurai/hiv-infected-woman-given-three-cents-of-land-rs-2-lakh-by-tamil-nadu-government/articleshow/67306564.cms,0.5
69,https://timesofindia.indiatimes.com/city/trichy/health-officials-hold-surprise-check-at-3-blood-banks-in-trichy-find-no-flaws/articleshow/67305718.cms,0.5
70,https://timesofindia.indiatimes.com/city/chandigarh/hiv-inmate-dies-kin-accuse-jail-of-negligence/articleshow/67017731.cms,0.5
71,https://timesofindia.indiatimes.com/city/chennai/transfusion-of-hiv-positive-blood-to-pregnant-woman-madras-high-court-asks-tn-health-secretary-to-file-status-report/articleshow/67268354.cms,0.5
72,https://timesofindia.indiatimes.com/city/madurai/woman-who-contracted-hiv-via-blood-transfusion-to-get-best-treatment-govt/articleshow/67263652.cms,0.5
73,https://timesofindia.indiatimes.com/india/now-death-penalty-for-sex-assault-on-minors/articleshow/67294756.cms,0.20269566774368286
74,https://timesofindia.indiatimes.com/city/madurai/donor-ignoring-ictc-summons-being-probed/articleshow/67279441.cms,0.5
75,https://timesofindia.indiatimes.com/city/chennai/hc-nhrc-take-suo-motu-cognizance/articleshow/67279282.cms,0.5
76,https://timesofindia.indiatimes.com/city/chennai/state-violates-its-own-policy-on-blood-safety/articleshow/67279458.cms,0.5
77,https://timesofindia.indiatimes.com/city/kozhikode/three-day-life-skill-training-programme-for-children-of-hiv-infected-parents-in-kerala/articleshow/67286295.cms,0.5
78,https://timesofindia.indiatimes.com/city/mumbai/relief-for-hiv-patients-they-can-now-take-home-3-months-drugs/articleshow/65315447.cms,0.8694261312484741
79,https://timesofindia.indiatimes.com/city/chennai/government-knew-donor-was-hivve-in-2016-failed-to-inform-him/articleshow/67264823.cms,0.5
80,https://timesofindia.indiatimes.com/entertainment/telugu/movies/news/samantha-turns-into-a-true-santa-for-hiv-affected-kids/articleshow/67254900.cms,0.9834147691726685
81,https://timesofindia.indiatimes.com/city/chandigarh/chandigarh-nss-camp-begins-at-kbdav/articleshow/67253066.cms,0.26375335454940796
82,https://timesofindia.indiatimes.com/city/kolkata/man-misdiagnosed-with-hiv-sues-hospital-receives-1-lakh-in-compensation/articleshow/63601212.cms,0.13892433047294617
83,https://timesofindia.indiatimes.com/city/thiruvananthapuram/mixed-response-to-anti-trafficking-bill/articleshow/65254424.cms,0.5
84,https://timesofindia.indiatimes.com/city/trichy/hiv-tb-cases-dip-among-vulnerable-sections/articleshow/66912588.cms,0.5
85,https://timesofindia.indiatimes.com/city/hyderabad/seven-doctors-woman-held-for-participating-in-rave-party/articleshow/67211362.cms,0.5
86,https://timesofindia.indiatimes.com/india/who-felicitates-dr-swarup-sarkar-for-his-contribution-to-public-health/articleshow/67203097.cms,0.5
87,https://timesofindia.indiatimes.com/city/aurangabad/important-to-know-your-status-via-hiv-test/articleshow/66900898.cms,0.5
88,https://timesofindia.indiatimes.com/city/thiruvananthapuram/controlling-hiv-a-social-duty-minister/articleshow/66900935.cms,0.22769683599472046
89,https://timesofindia.indiatimes.com/city/dehradun/500-new-hiv-cases-reported-in-state-this-yr/articleshow/66888019.cms,0.5
90,https://timesofindia.indiatimes.com/world/us/us-senate-passes-bill-to-avert-shutdown/articleshow/67175055.cms,0.5
91,https://timesofindia.indiatimes.com/city/goa/goa-govt-to-set-centre-in-excellence-in-hiv-care/articleshow/66887540.cms,0.5
92,https://timesofindia.indiatimes.com/city/imphal/manipur-guv-for-hiv-tests-before-marriage/articleshow/66899789.cms,0.5
93,https://timesofindia.indiatimes.com/city/goa/hiv-patients-fail-to-follow-up-on-therapy/articleshow/66878847.cms,0.12603136897087097
94,https://timesofindia.indiatimes.com/city/kozhikode/mla-opens-renovated-jyothis-centre-at-kozhikode-govt-medical-college/articleshow/67145298.cms,0.5
95,https://timesofindia.indiatimes.com/city/chandigarh/hivve-woman-dies-denied-permission-in-hospital/articleshow/65170888.cms,0.5
96,https://timesofindia.indiatimes.com/india/in-7-years-hiv-cases-in-india-dropped-by-27-un-report/articleshow/65126098.cms,0.5
97,https://timesofindia.indiatimes.com/city/pune/ambulance-drivers-humane-touch/articleshow/67127110.cms,0.05804610252380371
98,https://timesofindia.indiatimes.com/city/surat/prince-gohil-to-address-international-aids-conference/articleshow/65110561.cms,0.5
99,https://timesofindia.indiatimes.com/city/nagpur/nmc-to-provide-free-bus-pass-to-hiv-patients/articleshow/65095180.cms,0.5
100,https://timesofindia.indiatimes.com/city/patna/met-office-forecasts-drop-in-temperature/articleshow/67097781.cms,0.5
101,https://timesofindia.indiatimes.com/world/europe/nations-agree-on-milestone-rulebook-for-paris-climate-treaty/articleshow/67111526.cms,0.5
102,https://timesofindia.indiatimes.com/city/coimbatore/transsexual-artists-showcase-their-talents/articleshow/67110523.cms,0.5
103,https://timesofindia.indiatimes.com/city/navi-mumbai/2-rescued-girls-to-seal-it-with-a-kiss-at-weddings-this-weekend/articleshow/67050935.cms,0.7841395139694214
104,https://timesofindia.indiatimes.com/city/hubballi/morab-villagers-begin-to-refill-lake-with-canal-water/articleshow/67065715.cms,0.5
105,https://timesofindia.indiatimes.com/city/chandigarh/jail-authorities-art-centre-pass-the-buck/articleshow/67051593.cms,0.5
106,https://timesofindia.indiatimes.com/city/nagpur/lack-of-funds-restricting-msm-project/articleshow/67003535.cms,0.5
107,https://timesofindia.indiatimes.com/city/lucknow/hivve-man-2-daughters-end-lives-in-kushinagar-district/articleshow/64994283.cms,0.5
108,https://timesofindia.indiatimes.com/city/guwahati/hiv-is-a-sin-that-needs-to-be-tackled-by-gods-rule/articleshow/66695648.cms,0.5
109,https://timesofindia.indiatimes.com/city/aurangabad/various-events-mark-amc-foundation-day/articleshow/67005485.cms,0.5
110,https://timesofindia.indiatimes.com/home/sunday-times/all-that-matters/journalists-think-reporting-good-news-is-propaganda-or-pr-says-harvard-professor-steven-pinker/articleshow/67004459.cms,0.789718508720398
111,https://timesofindia.indiatimes.com/city/hubballi/scared-villagers-drain-36-acre-lake-after-hiv-woman-drowns-in-it/articleshow/66943477.cms,0.08517590165138245
112,https://timesofindia.indiatimes.com/city/hubballi/villagers-drain-lake-after-hiv-woman-drowns-in-it/articleshow/66945965.cms,0.11224767565727234
113,https://timesofindia.indiatimes.com/city/vadodara/hiv-positive-gujarati-man-working-to-fight-deadly-virus/articleshow/66901257.cms,0.5
114,https://timesofindia.indiatimes.com/city/dehradun/health-officials-urge-youths-to-use-1097-helpline-number-to-stay-abreast-about-hiv/articleshow/66900429.cms,0.242252379655838
115,https://timesofindia.indiatimes.com/city/nashik/hiv-patients-celebrate-festival-with-enthusiasm/articleshow/65876660.cms,0.7824387550354004
116,https://timesofindia.indiatimes.com/city/goa/centre-for-excellence-in-hiv-care-will-be-set-up-by-dec-2019-rane/articleshow/66888862.cms,0.5
117,https://timesofindia.indiatimes.com/city/bhopal/on-aids-day-street-plays-rallies-in-bhopal/articleshow/66903805.cms,0.5
118,https://timesofindia.indiatimes.com/city/guwahati/need-change-of-mindset-about-sex-to-fight-aids-menace-ngo/articleshow/66899792.cms,0.056652218103408813
119,https://timesofindia.indiatimes.com/city/chandigarh/play-based-on-world-aids-day-at-sector-17/articleshow/66896918.cms,0.5
120,https://timesofindia.indiatimes.com/city/kozhikode/mediations-help-in-aids-fight/articleshow/66890348.cms,0.5
121,https://timesofindia.indiatimes.com/city/chennai/world-aids-day-2018-chennai-college-students-to-take-oath-to-not-discriminate-people-living-with-hiv/articleshow/66869864.cms,0.5
122,https://timesofindia.indiatimes.com/entertainment/events/chandigarh/play-based-on-world-aids-day-at-sector-17/articleshow/66896858.cms,0.5
123,https://timesofindia.indiatimes.com/home/education/news/ignou-to-open-study-centres-in-11-major-jails-in-odisha/articleshow/64802182.cms,0.5
124,https://timesofindia.indiatimes.com/world/uk/indian-banks-now-target-mallyas-indian-empress-superyacht-in-bid-to-get-back-rs-10000-crore/articleshow/66887735.cms,0.5
125,https://timesofindia.indiatimes.com/city/bhopal/how-this-hiv-infected-mp-man-gives-hope-to-others/articleshow/66890627.cms,0.18798136711120605
126,https://timesofindia.indiatimes.com/city/pune/woman-claims-husband-gave-her-hiv-through-saline/articleshow/66889095.cms,0.5
127,https://timesofindia.indiatimes.com/business/india-business/aurobindo-gets-approval-for-hiv-drug/articleshow/65861321.cms,0.5
128,https://timesofindia.indiatimes.com/city/goa/aids-centre-struggles-to-get-patients-kin-tested/articleshow/66856314.cms,0.04261329770088196
129,https://timesofindia.indiatimes.com/city/mumbai/docs-with-preventive-tablets-handy-youths-giving-condoms-a-miss/articleshow/66818164.cms,0.5
130,https://timesofindia.indiatimes.com/city/patna/cm-alcohol-claimed-30l-lives-across-world-in-2016/articleshow/66815850.cms,0.5
131,https://timesofindia.indiatimes.com/city/itanagar/3-children-die-while-playing-with-bomb-in-arunachal/articleshow/66804279.cms,0.5
132,https://timesofindia.indiatimes.com/city/visakhapatnam/hiv-positive-cases-decline-in-vzm-govt-data/articleshow/66516920.cms,0.5
133,https://timesofindia.indiatimes.com/city/nagpur/condom-less-sex-popular-thanks-to-pre-exposure-drugs-docs/articleshow/66787120.cms,0.86613929271698
134,https://timesofindia.indiatimes.com/city/trichy/prison-inmates-to-be-screened-for-hiv-tb/articleshow/65737265.cms,0.5
135,https://timesofindia.indiatimes.com/city/jaipur/hiv-women-widow-to-get-dairy-booths-in-state/articleshow/64688666.cms,0.5
136,https://timesofindia.indiatimes.com/city/kochi/sudden-surge-reported-in-h1n1-cases-this-month/articleshow/66702773.cms,0.5
137,https://timesofindia.indiatimes.com/city/chandigarh/now-project-for-women-drug-users/articleshow/66703621.cms,0.5
138,https://timesofindia.indiatimes.com/city/chandigarh/awareness-programme-for-adolescents/articleshow/66665199.cms,0.5
139,https://timesofindia.indiatimes.com/city/bhopal/zika-scare-mp-violates-blood-donation-norms/articleshow/66650482.cms,0.5
140,https://timesofindia.indiatimes.com/city/delhi/childrens-home-guard-not-guilty-of-sodomising-hiv-boy/articleshow/66626831.cms,0.5
141,https://timesofindia.indiatimes.com/home/education/news/tamarind-seeds-has-antiviral-properties-and-can-potentially-be-used-to-develop-antiviral-medication-for-chikungunya/articleshow/66615539.cms,0.5
142,https://timesofindia.indiatimes.com/india/tamarind-seeds-has-antiviral-properties-and-can-potentially-be-used-to-develop-antiviral-medication-for-chikungunya/articleshow/66614928.cms,0.5
143,https://timesofindia.indiatimes.com/business/india-business/health-activists-raise-concerns-over-ip-provisions-at-rcep/articleshow/66611067.cms,0.5
144,https://timesofindia.indiatimes.com/city/kochi/excise-team-seizes-cancer-painkiller/articleshow/66585598.cms,0.5
145,https://timesofindia.indiatimes.com/city/goa/in-2018s-first-trimester-1-hiv-person-detected-per-day/articleshow/64441671.cms,0.5
146,https://timesofindia.indiatimes.com/city/nagpur/coordinators-for-organ-retrieval-units-at-gmc-mayo-soon/articleshow/66561280.cms,0.5
147,https://timesofindia.indiatimes.com/city/surat/hiv-woman-whos-spreading-positivity/articleshow/63208706.cms,0.5
148,https://timesofindia.indiatimes.com/city/chennai/woman-contracting-hiv-after-transfusion-madras-hc-seeks-report/articleshow/67271919.cms,0.5
149,https://timesofindia.indiatimes.com/india/hiv-donor-who-infected-woman-tries-to-kill-self/articleshow/67264474.cms,0.5
150,https://timesofindia.indiatimes.com/city/kolkata/help-starts-pouring-in-for-hiv-positive-youths/articleshow/63177234.cms,0.5
151,https://timesofindia.indiatimes.com/city/surat/hiv-positive-man-gets-10-years-in-jail-for-raping-minor-stepdaughter/articleshow/66493248.cms,0.008519262075424194
152,https://timesofindia.indiatimes.com/city/patna/50-bed-facility-for-hiv-positive-people-in-state/articleshow/66187415.cms,0.5
153,https://timesofindia.indiatimes.com/business/india-business/insurers-cannot-deny-cover-for-hiv-positive-patients/articleshow/66183791.cms,0.7849124670028687
154,https://timesofindia.indiatimes.com/entertainment/english/hollywood/news/lovesick-makers-intended-to-explore-universal-world-of-aids-patients/articleshow/66446155.cms,0.5
155,https://timesofindia.indiatimes.com/city/kolkata/snatchers-den-under-vip-road-median-divider-stumps-cops/articleshow/66407898.cms,0.5
156,https://timesofindia.indiatimes.com/city/ahmedabad/bid-to-molest-a-woman-sleeping-outside-her-house/articleshow/66406626.cms,0.5
157,https://timesofindia.indiatimes.com/city/aurangabad/pg-student-wins-big-at-national-level-event/articleshow/66421279.cms,0.5
158,https://timesofindia.indiatimes.com/city/ahmedabad/hiv-more-prevalent-in-15-24-age-group-data-reveals/articleshow/62989116.cms,0.5
159,https://timesofindia.indiatimes.com/city/lucknow/gang-selling-fake-blood-busted-5-held/articleshow/66386687.cms,0.5
160,https://timesofindia.indiatimes.com/city/lucknow/every-fourth-sexually-active-persons-in-up-have-not-heard-of-hiv-aids/articleshow/62905946.cms,0.5
161,https://timesofindia.indiatimes.com/city/navi-mumbai/man-held-for-rape-victim-hiv/articleshow/65264269.cms,0.5
162,https://timesofindia.indiatimes.com/city/kochi/rehana-fathima-is-no-pilgrim/articleshow/66289668.cms,0.24924153089523315
163,https://timesofindia.indiatimes.com/city/lucknow/11-blood-units-found-hiv-infected-in-17/articleshow/64022927.cms,0.026761889457702637
164,https://timesofindia.indiatimes.com/city/kohima/bike-rally-to-spread-awareness-on-hiv/articleshow/64038936.cms,0.5
165,https://timesofindia.indiatimes.com/home/science/a-blue-pill-is-stopping-hiv-like-never-before-study-shows/articleshow/66280769.cms,0.5
166,https://timesofindia.indiatimes.com/city/pune/ruts-waterlogging-gravel-mar-a-pleasant-drive-on-wanowrie-marg/articleshow/66208552.cms,0.5
167,https://timesofindia.indiatimes.com/city/delhi/audacity-of-crime-caught-police-totally-by-surprise/articleshow/66189748.cms,0.5
168,https://timesofindia.indiatimes.com/city/kolkata/smoke-detected-at-bagri-market-in-kolkata/articleshow/66185504.cms,0.5
169,https://timesofindia.indiatimes.com/city/chennai/spike-in-mysterious-hivve-cases-among-tamil-nadu-kids-sparks-abuse-fear/articleshow/63874127.cms,0.5
170,https://timesofindia.indiatimes.com/home/science/modern-humans-inherited-viral-defences-from-neanderthals/articleshow/66140306.cms,0.773021399974823
171,https://timesofindia.indiatimes.com/city/chandigarh/dont-advertise-hiv-positive-status-write-universal-precaution-instead/articleshow/62625839.cms,0.7499783039093018
172,https://timesofindia.indiatimes.com/city/kohima/karnataka-has-third-highest-number-of-hiv-patients/articleshow/65816917.cms,0.5
173,https://timesofindia.indiatimes.com/india/hiv-spread-declining-but-not-all-states-show-progress/articleshow/65816941.cms,0.5
174,https://timesofindia.indiatimes.com/city/shillong/karnataka-has-third-highest-number-of-hiv-patients/articleshow/65816915.cms,0.5
175,https://timesofindia.indiatimes.com/city/guwahati/karnataka-has-third-highest-number-of-hiv-patients/articleshow/65816916.cms,0.5
176,https://timesofindia.indiatimes.com/city/bengaluru/karnataka-has-third-highest-number-of-hiv-patients/articleshow/65816859.cms,0.5
178,https://timesofindia.indiatimes.com/city/nagpur/govt-must-extend-facilities-to-lgbtq/articleshow/66077497.cms,0.5
179,https://timesofindia.indiatimes.com/city/pune/police-probe-to-fix-role-of-railway-authorities-others/articleshow/66102659.cms,0.5
180,https://timesofindia.indiatimes.com/city/pune/soft-skill-training-for-pune-police-control-room-staffers/articleshow/66085016.cms,0.23949337005615234
181,https://timesofindia.indiatimes.com/city/bengaluru/2-patients-allege-davanagere-hosp-issued-false-hiv-positive-reports-file-plaints/articleshow/66045640.cms,0.5
182,https://timesofindia.indiatimes.com/city/bengaluru/8-of-tb-patients-in-ktaka-are-hiv-positive-third-highest-in-india/articleshow/63633669.cms,0.2711758613586426
183,https://timesofindia.indiatimes.com/city/goa/contest-of-1-min-films-aims-to-tackle-hiv/aids-stigma/articleshow/66011435.cms,0.10798880457878113
184,https://timesofindia.indiatimes.com/city/goa/private-sectors-help-to-eliminate-tb-required/articleshow/66000661.cms,0.5
185,https://timesofindia.indiatimes.com/city/coimbatore/hiv-affected-man-poisons-2-daughters-to-death-kills-self/articleshow/65926684.cms,0.5
186,https://timesofindia.indiatimes.com/city/mumbai/social-science-institutes-dont-attract-funds-easily-tiss-director/articleshow/65957372.cms,0.15591135621070862
187,https://timesofindia.indiatimes.com/city/erode/man-with-hiv-kills-two-daughters-attempts-suicide-in-tn/articleshow/65923250.cms,0.5
188,https://timesofindia.indiatimes.com/business/india-business/zydus-cadila-gets-usfda-nod-to-market-generic-hiv-treatment-tablets/articleshow/66650783.cms,0.5
189,https://timesofindia.indiatimes.com/city/erode/hiv-affected-man-poisons-2-daughters-to-death-kills-self/articleshow/65927284.cms,0.5
190,https://timesofindia.indiatimes.com/india/per-capita-alcohol-consumption-more-than-doubled-in-india-between-2005-16-who/articleshow/65912147.cms,0.5
191,https://timesofindia.indiatimes.com/home/science/tiny-portable-device-can-quickly-detect-cancer/articleshow/65912027.cms,0.5
192,https://timesofindia.indiatimes.com/india/india-eyes-100-switch-from-disposable-to-reuse-prevention-syringes-by-2020/articleshow/65891851.cms,0.5
193,https://timesofindia.indiatimes.com/city/bareilly/eight-year-old-mauled-to-death-by-leopard-in-moradabad/articleshow/65862721.cms,0.26646292209625244
194,https://timesofindia.indiatimes.com/city/meerut/meerut-gets-its-first-counselling-centre-for-mental-health-patients/articleshow/65847784.cms,0.30464401841163635
196,https://timesofindia.indiatimes.com/home/education/news/jindal-global-university-unveils-handbook-on-rights-of-transgenders/articleshow/65807156.cms,0.5
197,https://timesofindia.indiatimes.com/city/ahmedabad/aadhaar-helps-identify-road-accident-victim/articleshow/65746838.cms,0.5
198,https://timesofindia.indiatimes.com/city/mumbai/four-of-10-hiv-newborns-may-miss-timely-treatment-study/articleshow/65746918.cms,0.15029141306877136
199,https://timesofindia.indiatimes.com/home/science/hiv-vaccine-comes-closer-to-reality/articleshow/64537148.cms,0.23495274782180786
200,https://timesofindia.indiatimes.com/city/jaipur/raj-police-gets-creative-on-twitter-uses-bollywood-cricket-and-festivals-to-issue-creative-messages/articleshow/65726314.cms,0.5
202,https://timesofindia.indiatimes.com/india/each-moment-spent-in-jail-has-been-worth-it/articleshow/65713423.cms,0.5
203,https://timesofindia.indiatimes.com/city/chennai/hiv-pulled-them-down-love-gave-hope/articleshow/61871153.cms,0.24775299429893494
204,https://timesofindia.indiatimes.com/india/un-chief-welcomes-sc-decision-to-decriminalise-gay-sex/articleshow/65710487.cms,0.7128397822380066
205,https://timesofindia.indiatimes.com/india/homosexuality-is-a-genetic-disorder-subramanian-swamy/articleshow/65707670.cms,0.5
206,https://timesofindia.indiatimes.com/city/pune/with-no-disclosure-norms-most-hiv-kids-learn-about-ailment-after-parents-death/articleshow/65663382.cms,0.12836384773254395
207,https://timesofindia.indiatimes.com/city/kolkata/an-hiv-positive-dream-hits-house-hurdle-in-city/articleshow/63162870.cms,0.7182921171188354
209,https://timesofindia.indiatimes.com/city/gurgaon/why-narasinghpur-sees-most-accident-deaths-every-year/articleshow/65663167.cms,0.5
210,https://timesofindia.indiatimes.com/city/pune/despite-meds-mahas-hiv-kids-fight-a-crippling-battle/articleshow/65651044.cms,0.11099183559417725
211,https://timesofindia.indiatimes.com/city/mumbai/on-medicines-for-16-years-youth-stresses-on-family-support/articleshow/65650623.cms,0.5
212,https://timesofindia.indiatimes.com/entertainment/english/hollywood/news/dont-believe-i-have-made-it-said-mathhew-mcconaughey/articleshow/65644352.cms,0.8063675165176392
213,https://timesofindia.indiatimes.com/india/medical-insurance-may-soon-cover-dental-infertility-fixes/articleshow/65585927.cms,0.5
214,https://timesofindia.indiatimes.com/india/awareness-action-needed-for-ending-viral-hepatitis-by-2030/articleshow/65567551.cms,0.1127210259437561
215,https://timesofindia.indiatimes.com/city/jaipur/prisoners-to-undergo-hiv-test-in-state/articleshow/63023707.cms,0.5
216,https://timesofindia.indiatimes.com/city/lucknow/fatehpurs-hiv-village-has-seen-no-fresh-case-in-5-years/articleshow/62976954.cms,0.5
217,https://timesofindia.indiatimes.com/city/hyderabad/alarm-biomed-stockpile-disposed-with-civic-waste-in-hyderabad/articleshow/65557258.cms,0.010264873504638672
218,https://timesofindia.indiatimes.com/city/chandigarh/hiv-people-with-positive-attitude/articleshow/63606114.cms,0.5
219,https://timesofindia.indiatimes.com/business/india-business/iavi-serum-join-hands-to-develop-antibody-products-for-hiv-other-diseases/articleshow/66321452.cms,0.5
220,https://timesofindia.indiatimes.com/city/amritsar/political-rivalry-ends-in-murder-of-congress-councillors-husband/articleshow/65546887.cms,0.5
221,https://timesofindia.indiatimes.com/life-style/parenting/pregnancy/can-you-breastfeed-anothers-baby/articleshow/65487893.cms,0.2008410096168518
222,https://timesofindia.indiatimes.com/city/madurai/ngo-organises-diwali-celebrations-for-children-suffering-from-hiv/articleshow/66298422.cms,0.8148296475410461
223,https://timesofindia.indiatimes.com/city/gurgaon/1-therapy-centre-for-10k-aids-patients-in-haryana/articleshow/65459276.cms,0.5
224,https://timesofindia.indiatimes.com/city/chandigarh/1-therapy-centre-for-10k-aids-patients-in-haryana/articleshow/65459274.cms,0.5
225,https://timesofindia.indiatimes.com/home/education/news/ranchi-born-american-doctor-working-to-find-reason-behind-increase-in-cardiovasuclar-deaths/articleshow/65471415.cms,0.5
226,https://timesofindia.indiatimes.com/city/lucknow/stigma-of-hiv-makes-people-quit-up-villages/articleshow/62858308.cms,0.5
227,https://timesofindia.indiatimes.com/city/goa/congress-workers-held-for-protest-at-cortalim/articleshow/65431580.cms,0.5
228,https://timesofindia.indiatimes.com/city/bhopal/hiv-scare-puts-quacks-under-lens/articleshow/62827066.cms,0.1493050456047058
229,https://timesofindia.indiatimes.com/city/mumbai/hiv-man-acquitted-of-killing-son-wife-turns-hostile/articleshow/65443930.cms,0.5
230,https://timesofindia.indiatimes.com/city/jaipur/lactating-mothers-test-hiv-ve-at-rajasthan-milk-banks/articleshow/62733649.cms,0.5
231,https://timesofindia.indiatimes.com/city/trichy/mettur-dam-full-again-excess-water-released-in-kollidam/articleshow/65370514.cms,0.5
232,https://timesofindia.indiatimes.com/home/education/news/chaos-spread-at-department-of-mathematics-of-au/articleshow/65347786.cms,0.5
233,https://timesofindia.indiatimes.com/india/shiv-sena-says-quotas-should-go-beyond-50-per-cent-limit/articleshow/65296321.cms,0.5
234,https://timesofindia.indiatimes.com/city/mumbai/at-sion-hosp-palatable-oral-pellets-for-hiv-kids/articleshow/64967800.cms,0.15280070900917053
235,https://timesofindia.indiatimes.com/life-style/health-fitness/health-news/can-i-get-an-std-even-from-receiving-oral-sex/articleshow/65321472.cms,0.22180667519569397
236,https://timesofindia.indiatimes.com/city/bareilly/in-this-up-government-shelter-home-12-women-died-of-illness-in-a-year/articleshow/65327048.cms,0.5
237,https://timesofindia.indiatimes.com/city/ludhiana/blood-bank-sealed-in-jalandhar-records-seized/articleshow/65285036.cms,0.5
238,https://timesofindia.indiatimes.com/city/ludhiana/blood-bank-sealed-in-jalandhar-records-seized/articleshow/65285036.cms,0.5
239,https://timesofindia.indiatimes.com/city/ludhiana/war-against-drugs-will-soon-be-won-bittu/articleshow/65285118.cms,0.826764702796936
240,https://timesofindia.indiatimes.com/city/chandigarh/in-punjab-4-samples-in-drug-deaths-tested-positive-each-month/articleshow/65275243.cms,0.5
241,https://timesofindia.indiatimes.com/city/ludhiana/blood-bank-sealed-in-jalandhar-records-seized/articleshow/65275276.cms,0.5
242,https://timesofindia.indiatimes.com/city/ludhiana/private-blood-bank-seized-in-jalandhar-amid-serious-irregularities/articleshow/65274314.cms,0.5
243,https://timesofindia.indiatimes.com/city/ludhiana/38-youth-from-ludhiana-shun-drugs-families-thank-mp-bittu/articleshow/65274188.cms,0.8646987676620483
244,https://timesofindia.indiatimes.com/city/ludhiana/mobile-van-in-city-to-trace-tb-patients/articleshow/65234842.cms,0.7745517492294312
245,https://timesofindia.indiatimes.com/city/mumbai/hiv-wanes-in-maha-but-rages-in-high-risk-groups/articleshow/62407647.cms,0.5
246,https://timesofindia.indiatimes.com/india/lok-sabha-clears-law-to-deal-with-human-trafficking/articleshow/65156682.cms,0.12301561236381531
247,https://timesofindia.indiatimes.com/india/government-to-launch-national-programme-for-prevention-control-of-hepatitis-on-july-28/articleshow/65154545.cms,0.5
249,https://timesofindia.indiatimes.com/city/bengaluru/termed-sterling-example-by-un-agency-avahan-reduced-states-hiv-burden/articleshow/65139923.cms,0.5
250,https://timesofindia.indiatimes.com/city/mumbai/non-alcoholic-liver-disease-emerges-as-a-big-worry-1-in-5-may-have-it-in-some-form/articleshow/65062233.cms,0.26695120334625244
251,https://timesofindia.indiatimes.com/life-style/health-fitness/health-news/the-supreme-court-blames-prohibition-for-stds-in-gays-but-what-does-the-data-say/articleshow/65040384.cms,0.5
252,https://timesofindia.indiatimes.com/india/homosexual-relationships-do-not-lead-to-stds-like-aids-sc/articleshow/65027844.cms,0.5
253,https://timesofindia.indiatimes.com/india/devices-disposables-consumables-may-enter-essential-medicines-list/articleshow/64982410.cms,0.5
254,https://timesofindia.indiatimes.com/city/trichy/youth-gets-high-on-drugs-sold-over-the-counter-in-trichy/articleshow/64968217.cms,0.0792725682258606
255,https://timesofindia.indiatimes.com/city/kolkata/nursing-home-to-pay-rs-30000-damages/articleshow/64928756.cms,0.15341699123382568
256,https://timesofindia.indiatimes.com/city/dehradun/hc-asks-sonography-centres-to-install-observer-devices-cmo-to-track-due-dates-of-expectant-moms/articleshow/64952006.cms,0.5
257,https://timesofindia.indiatimes.com/city/ludhiana/civil-hosp-doc-marks-probe-into-addicts-fleeing-incident/articleshow/64953753.cms,0.5
258,https://timesofindia.indiatimes.com/india/after-long-battle-itll-be-another-fight-for-right-to-marry-or-adopt/articleshow/64954252.cms,0.5
259,https://timesofindia.indiatimes.com/india/rte-opens-school-gates-for-68-hiv-positive-kids-in-mp/articleshow/64939041.cms,0.5
260,https://timesofindia.indiatimes.com/india/chinese-cancer-warriors-to-get-helping-hand-from-india/articleshow/64925982.cms,0.5
261,https://timesofindia.indiatimes.com/city/thiruvananthapuram/pinarayi-vijayan-gets-award-woos-two-us-institutes-for-healthcare-research/articleshow/64902402.cms,0.5
262,https://timesofindia.indiatimes.com/city/chennai/wives-at-hiv-risk-from-bisexual-husbands/articleshow/62014167.cms,0.5
263,https://timesofindia.indiatimes.com/city/ludhiana/used-syringes-put-90-addicts-at-risk-of-hepatitis-c/articleshow/64862333.cms,0.07191842794418335
264,https://timesofindia.indiatimes.com/city/meerut/counselling-centre-for-mental-health-patients-to-be-set-up-at-meerut-dist-hosp/articleshow/64875675.cms,0.5
265,https://timesofindia.indiatimes.com/city/delhi/medical-centre-to-lose-licence-for-wrongly-declaring-man-hiv/articleshow/61971355.cms,0.5
266,https://timesofindia.indiatimes.com/city/delhi/meet-doctors-in-old-delhi-who-treat-poor-free-of-cost/articleshow/64817038.cms,0.5
267,https://timesofindia.indiatimes.com/city/mumbai/soon-test-to-measure-amount-of-hiv-virus-in-patients-blood/articleshow/61871327.cms,0.5
268,https://timesofindia.indiatimes.com/city/thane/thane-tops-the-chart-in-hiv-positive-cases-in-district/articleshow/61869433.cms,0.5
269,https://timesofindia.indiatimes.com/city/kochi/zero-risk-blood-transfusion-not-possible-centre-to-court/articleshow/64785144.cms,0.5
270,https://timesofindia.indiatimes.com/world/world-is-winning-the-fight-against-hiv/articleshow/61863067.cms,0.2369776964187622
271,https://timesofindia.indiatimes.com/life-style/health-fitness/health-news/whats-the-difference-between-hiv-and-aids/articleshow/61875316.cms,0.78218674659729
272,https://timesofindia.indiatimes.com/city/mysuru/doctors-delaying-treatment-to-hiv-patients-claims-ngo/articleshow/61870237.cms,0.5
273,https://timesofindia.indiatimes.com/city/goa/goa-positive-about-drop-in-hiv-cases/articleshow/61871706.cms,0.1852373480796814
274,https://timesofindia.indiatimes.com/city/hyderabad/most-people-with-sexually-transmitted-diseases-in-country-are-from-telangana-and-andhra-pradesh/articleshow/64706363.cms,0.5
275,https://timesofindia.indiatimes.com/city/ahmedabad/state-takes-a-leaf-from-udta-punjab-for-de-addiction-ideas/articleshow/64705026.cms,0.5
276,https://timesofindia.indiatimes.com/city/hyderabad/recurring-pain-can-be-first-sign-of-sickle-cell-disease/articleshow/64642816.cms,0.24991363286972046
277,https://timesofindia.indiatimes.com/city/kolkata/house-hunt-end-signals-start-of-an-hiv-dream/articleshow/64627679.cms,0.9295620918273926
278,https://timesofindia.indiatimes.com/city/nagpur/quota-to-be-sought-for-sickle-cell-patients/articleshow/64654899.cms,0.7679873704910278
279,https://timesofindia.indiatimes.com/city/hyderabad/more-horror-hubs-rehab-home-inmates-cry-torture/articleshow/64627110.cms,0.05269935727119446
280,https://timesofindia.indiatimes.com/city/goa/humble-mussel-holds-the-answer-to-viral-diseases/articleshow/64593879.cms,0.5
281,https://timesofindia.indiatimes.com/city/bengaluru/aadhaar-bank-information-must-for-tb-patients-to-draw-monthly-aid/articleshow/64565714.cms,0.7977385520935059
282,https://timesofindia.indiatimes.com/city/bhubaneswar/hiv-tb-intervention-programme-in-odisha-prisons-launched/articleshow/64114399.cms,0.5
283,https://timesofindia.indiatimes.com/city/mumbai/aids-control-trust-to-reach-out-to-hiv-blood-donors/articleshow/64500890.cms,0.7887689471244812
285,https://timesofindia.indiatimes.com/home/science/experimental-vaccine-may-protect-against-hiv/articleshow/61318704.cms,0.5
286,https://timesofindia.indiatimes.com/city/chandigarh/national-conference-on-hiv/aids-held/articleshow/62956870.cms,0.5
287,https://timesofindia.indiatimes.com/city/nashik/art-data-shows-drop-in-hiv-cases-across-district/articleshow/65329214.cms,0.7011954188346863
288,https://timesofindia.indiatimes.com/city/lucknow/ambulances-to-ferry-hiv-postive-patients/articleshow/62910648.cms,0.5
289,https://timesofindia.indiatimes.com/city/hubballi/hiv-positive-orphans-marry-in-vijayapura/articleshow/62922004.cms,0.5
290,https://timesofindia.indiatimes.com/city/kanpur/25-with-hiv-at-kanpur-art-centre/articleshow/62849442.cms,0.19262391328811646
291,https://timesofindia.indiatimes.com/city/jaipur/85-raj-rural-women-dont-know-about-hiv/aids/articleshow/59210068.cms,0.2504463791847229
292,https://timesofindia.indiatimes.com/city/mumbai/rap-for-blood-banks-over-negligence-with-hiv-donors/articleshow/61013394.cms,0.5
293,https://timesofindia.indiatimes.com/city/mumbai/62-jump-in-hiv/aids-deaths-in-mumbai-in-1-year-health-ministry/articleshow/64228799.cms,0.01881706714630127
294,https://timesofindia.indiatimes.com/city/mumbai/62-jump-in-hiv/aids-deaths-in-city-in-one-year-health-ministry/articleshow/64228473.cms,0.016721904277801514
295,https://timesofindia.indiatimes.com/city/ahmedabad/being-positive-in-the-face-of-adversities/articleshow/64212781.cms,0.7348262071609497
296,https://timesofindia.indiatimes.com/home/science/novel-implant-to-protect-women-from-hiv-infection/articleshow/63783092.cms,0.849808931350708
297,https://timesofindia.indiatimes.com/city/chandigarh/notice-to-punjab-on-probe-into-hiv-in-jails/articleshow/62610676.cms,0.5
298,https://timesofindia.indiatimes.com/city/mumbai/man-jabbed-syringe-with-hiv-moms-blood-into-his-wife/articleshow/60754379.cms,0.5
299,https://timesofindia.indiatimes.com/city/kolkata/hiv-dream-starts-brewing-from-jodhpur-park-address/articleshow/64994192.cms,0.9513344168663025
300,https://timesofindia.indiatimes.com/city/chennai/rise-in-death-of-people-living-with-hiv-shows-rti-data/articleshow/60484956.cms,0.08041936159133911
301,https://timesofindia.indiatimes.com/city/hyderabad/no-dengue-malaria-deaths-in-telangana-shows-report/articleshow/63921417.cms,0.5
302,https://timesofindia.indiatimes.com/city/patna/hiv-positive-personneglected-at-pmch/articleshow/62299890.cms,0.5
303,https://timesofindia.indiatimes.com/city/goa/only-9-of-art-patients-gain-from-govt-mediclaim-scheme/articleshow/58425183.cms,0.5
304,https://timesofindia.indiatimes.com/city/ahmedabad/marriage-portal-for-hiv-people/articleshow/60283207.cms,0.5
305,https://timesofindia.indiatimes.com/city/mumbai/most-new-hiv-infections-detected-in-2016-17-were-from-maha/articleshow/60181815.cms,0.5
306,https://timesofindia.indiatimes.com/city/nashik/in-laws-booked-for-harassing-hiv-widow/articleshow/63311731.cms,0.09899836778640747
307,https://timesofindia.indiatimes.com/city/kochi/kochi-girl-who-tested-hiv-after-blood-transfusion-dies/articleshow/63723647.cms,0.5
308,https://timesofindia.indiatimes.com/city/kochi/kerala-child-cancer-patient-suspected-to-have-contracted-hiv-during-blood-transfusion-dies/articleshow/63714399.cms,0.5
309,https://timesofindia.indiatimes.com/city/thiruvananthapuram/sex-trade-going-online-new-challenge-for-ksacs/articleshow/63687674.cms,0.5
310,https://timesofindia.indiatimes.com/city/agra/inmate-of-agra-district-jail-with-hiv-infection-dies/articleshow/63249486.cms,0.5
312,https://timesofindia.indiatimes.com/city/kolkata/school-life-gets-a-little-easier-for-hiv-students/articleshow/59962525.cms,0.5
313,https://timesofindia.indiatimes.com/city/lucknow/23-prisoners-found-hiv-positive-in-gorakhpur/articleshow/63103328.cms,0.5
314,https://timesofindia.indiatimes.com/city/goa/challenge-is-to-get-hiv-cases-to-zero/articleshow/61886761.cms,0.5
315,https://timesofindia.indiatimes.com/india/rajya-sabha-passes-bill-to-ensure-rights-of-hiv-and-aids-patients/articleshow/57756483.cms,0.5
316,https://timesofindia.indiatimes.com/city/guwahati/hiv-positive-cases-on-the-rise-in-assam/articleshow/61844622.cms,0.5
317,https://timesofindia.indiatimes.com/city/imphal/manipur-government-hospital-reveals-couples-hiv-status-in-public/articleshow/63527573.cms,0.5
318,https://timesofindia.indiatimes.com/home/science/cell-phone-based-tech-to-allow-at-home-blood-testing/articleshow/63487251.cms,0.5
319,https://timesofindia.indiatimes.com/city/jaipur/hiv-screening-for-inmates-in-rajasthan-prisons-to-be-strengthened/articleshow/63003478.cms,0.5
320,https://timesofindia.indiatimes.com/city/kolhapur/18-preliminary-hiv-cases-identified-at-gram-samvedana/articleshow/62969237.cms,0.5
321,https://timesofindia.indiatimes.com/world/china/china-approves-first-home-made-anti-hiv-drug/articleshow/64478135.cms,0.5
322,https://timesofindia.indiatimes.com/city/kanpur/in-news-over-hiv-village-bans-media/articleshow/62940695.cms,0.14949199557304382
323,https://timesofindia.indiatimes.com/city/patna/state-implements-test-and-treatfacility-for-hiv-positive-people/articleshow/59567983.cms,0.7507957220077515
324,https://timesofindia.indiatimes.com/city/patna/free-viral-load-test-for-hiv-at-three-art-centres-soon/articleshow/63336811.cms,0.5
325,https://timesofindia.indiatimes.com/city/lucknow/no-toilets-people-with-hiv-stopped-from-open-defecation/articleshow/62879691.cms,0.5
326,https://timesofindia.indiatimes.com/city/chennai/hiv-counselling-centres-hit-by-staff-crunch/articleshow/62877249.cms,0.5
327,https://timesofindia.indiatimes.com/city/lucknow/clinics-of-73-quacks-sealed-in-hiv-affected-bangarmau/articleshow/62870722.cms,0.5
328,https://timesofindia.indiatimes.com/city/kanpur/unnaos-hiv-peddling-quack-arrested/articleshow/62825227.cms,0.5
329,https://timesofindia.indiatimes.com/city/hyderabad/facing-bias-transgenders-demand-separate-hospital/articleshow/63277965.cms,0.12923645973205566
330,https://timesofindia.indiatimes.com/city/kanpur/25-acquire-hiv-as-quack-uses-infected-syringe/articleshow/62798242.cms,0.5
331,https://timesofindia.indiatimes.com/city/ahmedabad/social-evils-and-stigma-cannot-crush-her-courage/articleshow/63208854.cms,0.13026010990142822
332,https://timesofindia.indiatimes.com/city/bareilly/nhrc-notice-to-up-over-hiv-spreading-among-jail-inmates/articleshow/63222152.cms,0.5
333,https://timesofindia.indiatimes.com/city/lucknow/nhrc-notice-to-up-govt-over-spread-of-hiv-among-prisoners-in-jails/articleshow/63205052.cms,0.5
334,https://timesofindia.indiatimes.com/life-style/health-fitness/health-news/UK-scientists-on-verge-of-curing-HIV/articleshow/54651892.cms,0.09868243336677551
335,https://timesofindia.indiatimes.com/business/international-business/cipla-gets-usfda-approval-for-hiv-drug/articleshow/62692137.cms,0.5
336,https://timesofindia.indiatimes.com/city/ahmedabad/state-gets-2m-project-for-hiv-prevention-and-care/articleshow/64212783.cms,0.5
337,https://timesofindia.indiatimes.com/city/kanpur/no-hiv-certificate-more-important-than-kundali-matching-in-ups-prem-nagar/articleshow/63066229.cms,0.5
338,https://timesofindia.indiatimes.com/city/dehradun/activist-seeks-details-on-hiv-jail-inmates/articleshow/62624326.cms,0.5
339,https://timesofindia.indiatimes.com/city/delhi/at-rights-camp-over-5000-shed-inhibitions/articleshow/63061186.cms,0.5
340,https://timesofindia.indiatimes.com/city/kanpur/not-horoscope-hiv-report-to-fix-matches-in-unnao-villages/articleshow/63075100.cms,0.5
341,https://timesofindia.indiatimes.com/city/dehradun/66-rise-in-hiv-patients-in-state-in-8-yrs/articleshow/62573889.cms,0.5
342,https://timesofindia.indiatimes.com/india/hiv-positive-women-marries-twice-kills-first-husband-with-the-help-of-second/articleshow/63043159.cms,0.2693096697330475
343,https://timesofindia.indiatimes.com/india/blood-test-before-marriage-a-science-teachers-unique-initiative/articleshow/63003873.cms,0.8181595802307129
344,https://timesofindia.indiatimes.com/city/chennai/tamil-nadu-loses-track-of-1-in-5-born-with-hiv/articleshow/64057006.cms,0.5
345,https://timesofindia.indiatimes.com/city/lucknow/hiv-hit-people-of-unnao-now-seek-change-in-village-name/articleshow/62909759.cms,0.5
346,https://timesofindia.indiatimes.com/city/mumbai/condoms-distributed-on-eve-of-valentines-day-to-fight-hiv/aids/articleshow/62904014.cms,0.8486871719360352
347,https://timesofindia.indiatimes.com/city/kanpur/kanpur-my-son-is-being-framed-says-father-of-the-arrested-quack-in/articleshow/62862847.cms,0.5
348,https://timesofindia.indiatimes.com/city/kanpur/fearing-boycott-locals-use-fake-names-at-counselling/articleshow/62895395.cms,0.7804113626480103
349,https://timesofindia.indiatimes.com/city/chennai/digital-tracking-of-tn-hiv-patients-in-works/articleshow/62407396.cms,0.9632775783538818
350,https://timesofindia.indiatimes.com/city/jaipur/an-austrian-home-for-children-with-hiv/aids/articleshow/60988763.cms,0.5
351,https://timesofindia.indiatimes.com/city/mumbai/city-lab-will-be-hub-of-free-viral-load-tests-for-hiv/articleshow/62891364.cms,0.5
352,https://timesofindia.indiatimes.com/city/chennai/20500-got-hiv-through-blood-transfusion-in-11-years-data/articleshow/62829047.cms,0.5
353,https://timesofindia.indiatimes.com/city/thiruvananthapuram/29444-people-living-with-hiv-k-k-shylaja/articleshow/58798836.cms,0.5
354,https://timesofindia.indiatimes.com/city/lucknow/unnao-quacks-infected-needle-may-just-be-the-tip/articleshow/62844492.cms,0.5
355,https://timesofindia.indiatimes.com/city/mumbai/over-500-patients-in-state-contracted-hiv-via-infected-needles-in-5-yrs-rti/articleshow/62842261.cms,0.5
356,https://timesofindia.indiatimes.com/city/chennai/20500-got-hiv-through-blood-transfusion-in-11-years-data/articleshow/62827671.cms,0.5
357,https://timesofindia.indiatimes.com/city/lucknow/5000-living-in-fear-of-having-contracted-hiv-infection/articleshow/62828974.cms,0.5
358,https://timesofindia.indiatimes.com/city/mumbai/hiv-orphans-to-perform-in-mumbai-this-weekend-to-raise-funds-for-bus/articleshow/62813532.cms,0.5
359,https://timesofindia.indiatimes.com/life-style/health-fitness/health-news/health-alert-these-are-the-5-most-common-stds-that-spread-around-valentines-day/articleshow/62804539.cms,0.8628619909286499
360,https://timesofindia.indiatimes.com/city/kanpur/20-found-hiv-as-quack-treats-them-with-same-needle/articleshow/62789394.cms,0.5
361,https://timesofindia.indiatimes.com/city/bengaluru/naco-mandates-viral-load-test-for-hiv-patients-says-it-will-check-mortality/articleshow/62795969.cms,0.5
362,https://timesofindia.indiatimes.com/city/puducherry/pondy-stands-first-in-country-with-zero-prevalence-of-hiv/articleshow/62301002.cms,0.5
363,https://timesofindia.indiatimes.com/city/coimbatore/hiv-positive-mother-abandons-38-day-old-baby-at-orphanage/articleshow/62731436.cms,0.5
364,https://timesofindia.indiatimes.com/city/hyderabad/fighting-malaria-hope-of-drug-to-provide-immunity/articleshow/62718222.cms,0.5
365,https://timesofindia.indiatimes.com/city/mumbai/generic-medicines-remain-out-of-reach-for-patients-across-state-study/articleshow/62702358.cms,0.2234141230583191
366,https://timesofindia.indiatimes.com/entertainment/english/hollywood/news/charlie-sheeni-struggled-with-borderline-dementia/articleshow/58560011.cms,0.14972874522209167
367,https://timesofindia.indiatimes.com/city/chennai/tanzanian-scientist-battles-combo-of-diseases/articleshow/62657175.cms,0.19914838671684265
368,https://timesofindia.indiatimes.com/city/dehradun/21-haridwar-jail-inmates-found-to-be-hiv-positive/articleshow/62234008.cms,0.5
369,https://timesofindia.indiatimes.com/entertainment/english/hollywood/news/call-me-by-your-name-sequel-to-deal-with-aids/articleshow/62666810.cms,0.5
370,https://timesofindia.indiatimes.com/india/hiv-positive-woman-gets-scs-support-over-abortion/articleshow/58505594.cms,0.5
371,https://timesofindia.indiatimes.com/city/madurai/hc-wants-panel-to-study-prisoners-conjugal-rights/articleshow/62641698.cms,0.5
372,https://timesofindia.indiatimes.com/city/goa/HIV-kids-in-state-battle-social-ostracism/articleshow/55675499.cms,0.5
373,https://timesofindia.indiatimes.com/life-style/health-fitness/health-news/i-told-my-boyfriend-i-was-hiv-positive-and-this-happened-/articleshow/66880405.cms,0.1484685242176056
374,https://timesofindia.indiatimes.com/life-style/health-fitness/health-news/pay-attention-to-these-7-very-common-hiv-symptoms-in-women/articleshow/66880738.cms,0.2591422498226166
375,https://timesofindia.indiatimes.com/city/chennai/transfusion-of-hiv-blood-panel-seeks-time-till-jan-9-to-give-report/articleshow/67401565.cms,0.5
376,https://timesofindia.indiatimes.com/city/mumbai/no-of-pregnant-women-testing-hiv-dips-still-over-600-this-year/articleshow/66890273.cms,0.5
377,https://timesofindia.indiatimes.com/life-style/health-fitness/health-news/busted5-hiv-aids-myths/articleshow/66880090.cms,0.05676281452178955
378,https://timesofindia.indiatimes.com/life-style/health-fitness/health-news/myths-and-taboos-related-to-aids/articleshow/66936585.cms,0.08142659068107605
379,https://timesofindia.indiatimes.com/city/mumbai/free-hiv-tests-at-six-rly-stns-for-a-week-from-dec-1/articleshow/66778185.cms,0.8035831451416016
380,https://timesofindia.indiatimes.com/city/chennai/hiv-blood-tranfusion-tamil-nadu-govt-assures-action-against-officials/articleshow/67394202.cms,0.5
381,https://timesofindia.indiatimes.com/city/madurai/autopsy-performed-on-hivve-donors-body-at-grh/articleshow/67356851.cms,0.5
382,https://timesofindia.indiatimes.com/city/madurai/hc-directs-to-videograph-hivve-donors-autopsy/articleshow/67330633.cms,0.17795568704605103
383,https://timesofindia.indiatimes.com/city/madurai/hiv-ve-tn-teen-who-attempted-suicide-dies/articleshow/67316060.cms,0.5
384,https://timesofindia.indiatimes.com/city/coimbatore/another-woman-claims-she-got-hiv-infected-blood/articleshow/67319072.cms,0.5
385,https://timesofindia.indiatimes.com/city/chennai/another-woman-says-she-got-hiv-from-donor-blood/articleshow/67293723.cms,0.5
386,https://timesofindia.indiatimes.com/city/madurai/hiv-case-5-member-panel-begins-inquiry-in-virudhunagar/articleshow/67294063.cms,0.5
387,https://timesofindia.indiatimes.com/city/madurai/pregnant-woman-turns-hiv-positive-after-blood-transfusion/articleshow/67244584.cms,0.5
388,https://timesofindia.indiatimes.com/city/madurai/pregnant-woman-contracts-hiv-after-transfusion-in-tn/articleshow/67258162.cms,0.5
389,https://timesofindia.indiatimes.com/city/coimbatore/man-attacks-niece-born-with-hiv-for-sleeping-in-his-house/articleshow/67110209.cms,0.5
390,https://timesofindia.indiatimes.com/india/health-ministry-announced-implementation-of-hiv-aids-act-2017-all-you-need-to-know/articleshow/65764317.cms,0.5
391,https://timesofindia.indiatimes.com/india/when-meds-dont-heal-hiv-kids-fight-daily-war-with-side-effects/articleshow/65663512.cms,0.17080211639404297
392,https://timesofindia.indiatimes.com/life-style/health-fitness/health-news/i-told-my-boyfriend-i-was-hiv-positive-and-this-happened-/articleshow/66880405.cms,0.1484685242176056
393,https://timesofindia.indiatimes.com/life-style/health-fitness/health-news/pay-attention-to-these-7-very-common-hiv-symptoms-in-women/articleshow/66880738.cms,0.2591422498226166
394,https://timesofindia.indiatimes.com/city/chennai/transfusion-of-hiv-blood-panel-seeks-time-till-jan-9-to-give-report/articleshow/67401565.cms,0.5
395,https://timesofindia.indiatimes.com/city/mumbai/no-of-pregnant-women-testing-hiv-dips-still-over-600-this-year/articleshow/66890273.cms,0.5
396,https://timesofindia.indiatimes.com/life-style/health-fitness/health-news/busted5-hiv-aids-myths/articleshow/66880090.cms,0.05676281452178955
397,https://timesofindia.indiatimes.com/life-style/health-fitness/health-news/myths-and-taboos-related-to-aids/articleshow/66936585.cms,0.08142659068107605
398,https://timesofindia.indiatimes.com/city/mumbai/free-hiv-tests-at-six-rly-stns-for-a-week-from-dec-1/articleshow/66778185.cms,0.8035831451416016
399,https://timesofindia.indiatimes.com/city/chennai/hiv-blood-tranfusion-tamil-nadu-govt-assures-action-against-officials/articleshow/67394202.cms,0.5
400,https://timesofindia.indiatimes.com/city/madurai/autopsy-performed-on-hivve-donors-body-at-grh/articleshow/67356851.cms,0.5
401,https://timesofindia.indiatimes.com/city/madurai/hc-directs-to-videograph-hivve-donors-autopsy/articleshow/67330633.cms,0.17795568704605103
402,https://timesofindia.indiatimes.com/city/madurai/hiv-ve-tn-teen-who-attempted-suicide-dies/articleshow/67316060.cms,0.5
403,https://timesofindia.indiatimes.com/city/coimbatore/another-woman-claims-she-got-hiv-infected-blood/articleshow/67319072.cms,0.5
404,https://timesofindia.indiatimes.com/city/chennai/another-woman-says-she-got-hiv-from-donor-blood/articleshow/67293723.cms,0.5
405,https://timesofindia.indiatimes.com/city/madurai/hiv-case-5-member-panel-begins-inquiry-in-virudhunagar/articleshow/67294063.cms,0.5
406,https://timesofindia.indiatimes.com/city/madurai/pregnant-woman-turns-hiv-positive-after-blood-transfusion/articleshow/67244584.cms,0.5
407,https://timesofindia.indiatimes.com/city/madurai/pregnant-woman-contracts-hiv-after-transfusion-in-tn/articleshow/67258162.cms,0.5
408,https://timesofindia.indiatimes.com/city/coimbatore/man-attacks-niece-born-with-hiv-for-sleeping-in-his-house/articleshow/67110209.cms,0.5
409,https://timesofindia.indiatimes.com/india/health-ministry-announced-implementation-of-hiv-aids-act-2017-all-you-need-to-know/articleshow/65764317.cms,0.5
410,https://timesofindia.indiatimes.com/india/when-meds-dont-heal-hiv-kids-fight-daily-war-with-side-effects/articleshow/65663512.cms,0.17080211639404297
411,https://timesofindia.indiatimes.com/life-style/health-fitness/health-news/i-told-my-boyfriend-i-was-hiv-positive-and-this-happened-/articleshow/66880405.cms,0.1484685242176056
412,https://timesofindia.indiatimes.com/life-style/health-fitness/health-news/pay-attention-to-these-7-very-common-hiv-symptoms-in-women/articleshow/66880738.cms,0.2591422498226166
413,https://timesofindia.indiatimes.com/city/chennai/transfusion-of-hiv-blood-panel-seeks-time-till-jan-9-to-give-report/articleshow/67401565.cms,0.5
414,https://timesofindia.indiatimes.com/city/mumbai/no-of-pregnant-women-testing-hiv-dips-still-over-600-this-year/articleshow/66890273.cms,0.5
415,https://timesofindia.indiatimes.com/life-style/health-fitness/health-news/busted5-hiv-aids-myths/articleshow/66880090.cms,0.05676281452178955
416,https://timesofindia.indiatimes.com/life-style/health-fitness/health-news/myths-and-taboos-related-to-aids/articleshow/66936585.cms,0.08142659068107605
417,https://timesofindia.indiatimes.com/city/mumbai/free-hiv-tests-at-six-rly-stns-for-a-week-from-dec-1/articleshow/66778185.cms,0.8035831451416016
418,https://timesofindia.indiatimes.com/city/chennai/hiv-blood-tranfusion-tamil-nadu-govt-assures-action-against-officials/articleshow/67394202.cms,0.5
419,https://timesofindia.indiatimes.com/city/madurai/autopsy-performed-on-hivve-donors-body-at-grh/articleshow/67356851.cms,0.5
420,https://timesofindia.indiatimes.com/city/madurai/hc-directs-to-videograph-hivve-donors-autopsy/articleshow/67330633.cms,0.17795568704605103
421,https://timesofindia.indiatimes.com/city/madurai/hiv-ve-tn-teen-who-attempted-suicide-dies/articleshow/67316060.cms,0.5
422,https://timesofindia.indiatimes.com/city/coimbatore/another-woman-claims-she-got-hiv-infected-blood/articleshow/67319072.cms,0.5
423,https://timesofindia.indiatimes.com/city/chennai/another-woman-says-she-got-hiv-from-donor-blood/articleshow/67293723.cms,0.5
424,https://timesofindia.indiatimes.com/city/madurai/hiv-case-5-member-panel-begins-inquiry-in-virudhunagar/articleshow/67294063.cms,0.5
425,https://timesofindia.indiatimes.com/city/madurai/pregnant-woman-turns-hiv-positive-after-blood-transfusion/articleshow/67244584.cms,0.5
426,https://timesofindia.indiatimes.com/city/madurai/pregnant-woman-contracts-hiv-after-transfusion-in-tn/articleshow/67258162.cms,0.5
427,https://timesofindia.indiatimes.com/city/coimbatore/man-attacks-niece-born-with-hiv-for-sleeping-in-his-house/articleshow/67110209.cms,0.5
428,https://timesofindia.indiatimes.com/india/health-ministry-announced-implementation-of-hiv-aids-act-2017-all-you-need-to-know/articleshow/65764317.cms,0.5
429,https://timesofindia.indiatimes.com/india/when-meds-dont-heal-hiv-kids-fight-daily-war-with-side-effects/articleshow/65663512.cms,0.17080211639404297
430,https://timesofindia.indiatimes.com/life-style/health-fitness/health-news/i-told-my-boyfriend-i-was-hiv-positive-and-this-happened-/articleshow/66880405.cms,0.1484685242176056
431,https://timesofindia.indiatimes.com/life-style/health-fitness/health-news/pay-attention-to-these-7-very-common-hiv-symptoms-in-women/articleshow/66880738.cms,0.2591422498226166
432,https://timesofindia.indiatimes.com/city/chennai/transfusion-of-hiv-blood-panel-seeks-time-till-jan-9-to-give-report/articleshow/67401565.cms,0.5
433,https://timesofindia.indiatimes.com/city/mumbai/no-of-pregnant-women-testing-hiv-dips-still-over-600-this-year/articleshow/66890273.cms,0.5
434,https://timesofindia.indiatimes.com/life-style/health-fitness/health-news/busted5-hiv-aids-myths/articleshow/66880090.cms,0.05676281452178955
435,https://timesofindia.indiatimes.com/life-style/health-fitness/health-news/myths-and-taboos-related-to-aids/articleshow/66936585.cms,0.08142659068107605
436,https://timesofindia.indiatimes.com/city/mumbai/free-hiv-tests-at-six-rly-stns-for-a-week-from-dec-1/articleshow/66778185.cms,0.8035831451416016
437,https://timesofindia.indiatimes.com/city/chennai/hiv-blood-tranfusion-tamil-nadu-govt-assures-action-against-officials/articleshow/67394202.cms,0.5
438,https://timesofindia.indiatimes.com/city/madurai/autopsy-performed-on-hivve-donors-body-at-grh/articleshow/67356851.cms,0.5
439,https://timesofindia.indiatimes.com/city/madurai/hc-directs-to-videograph-hivve-donors-autopsy/articleshow/67330633.cms,0.17795568704605103
440,https://timesofindia.indiatimes.com/city/madurai/hiv-ve-tn-teen-who-attempted-suicide-dies/articleshow/67316060.cms,0.5
441,https://timesofindia.indiatimes.com/city/coimbatore/another-woman-claims-she-got-hiv-infected-blood/articleshow/67319072.cms,0.5
442,https://timesofindia.indiatimes.com/city/chennai/another-woman-says-she-got-hiv-from-donor-blood/articleshow/67293723.cms,0.5
443,https://timesofindia.indiatimes.com/city/madurai/hiv-case-5-member-panel-begins-inquiry-in-virudhunagar/articleshow/67294063.cms,0.5
444,https://timesofindia.indiatimes.com/city/madurai/pregnant-woman-turns-hiv-positive-after-blood-transfusion/articleshow/67244584.cms,0.5
445,https://timesofindia.indiatimes.com/city/madurai/pregnant-woman-contracts-hiv-after-transfusion-in-tn/articleshow/67258162.cms,0.5
446,https://timesofindia.indiatimes.com/city/coimbatore/man-attacks-niece-born-with-hiv-for-sleeping-in-his-house/articleshow/67110209.cms,0.5
447,https://timesofindia.indiatimes.com/india/health-ministry-announced-implementation-of-hiv-aids-act-2017-all-you-need-to-know/articleshow/65764317.cms,0.5
448,https://timesofindia.indiatimes.com/india/when-meds-dont-heal-hiv-kids-fight-daily-war-with-side-effects/articleshow/65663512.cms,0.17080211639404297
449,https://timesofindia.indiatimes.com/life-style/health-fitness/health-news/i-told-my-boyfriend-i-was-hiv-positive-and-this-happened-/articleshow/66880405.cms,0.1484685242176056
450,https://timesofindia.indiatimes.com/life-style/health-fitness/health-news/pay-attention-to-these-7-very-common-hiv-symptoms-in-women/articleshow/66880738.cms,0.2591422498226166
451,https://timesofindia.indiatimes.com/city/chennai/transfusion-of-hiv-blood-panel-seeks-time-till-jan-9-to-give-report/articleshow/67401565.cms,0.5
452,https://timesofindia.indiatimes.com/city/mumbai/no-of-pregnant-women-testing-hiv-dips-still-over-600-this-year/articleshow/66890273.cms,0.5
453,https://timesofindia.indiatimes.com/life-style/health-fitness/health-news/busted5-hiv-aids-myths/articleshow/66880090.cms,0.05676281452178955
454,https://timesofindia.indiatimes.com/life-style/health-fitness/health-news/myths-and-taboos-related-to-aids/articleshow/66936585.cms,0.08142659068107605
455,https://timesofindia.indiatimes.com/city/mumbai/free-hiv-tests-at-six-rly-stns-for-a-week-from-dec-1/articleshow/66778185.cms,0.8035831451416016
456,https://timesofindia.indiatimes.com/city/chennai/hiv-blood-tranfusion-tamil-nadu-govt-assures-action-against-officials/articleshow/67394202.cms,0.5
457,https://timesofindia.indiatimes.com/city/madurai/autopsy-performed-on-hivve-donors-body-at-grh/articleshow/67356851.cms,0.5
458,https://timesofindia.indiatimes.com/city/madurai/hc-directs-to-videograph-hivve-donors-autopsy/articleshow/67330633.cms,0.17795568704605103
459,https://timesofindia.indiatimes.com/city/madurai/hiv-ve-tn-teen-who-attempted-suicide-dies/articleshow/67316060.cms,0.5
460,https://timesofindia.indiatimes.com/city/coimbatore/another-woman-claims-she-got-hiv-infected-blood/articleshow/67319072.cms,0.5
461,https://timesofindia.indiatimes.com/city/chennai/another-woman-says-she-got-hiv-from-donor-blood/articleshow/67293723.cms,0.5
462,https://timesofindia.indiatimes.com/city/madurai/hiv-case-5-member-panel-begins-inquiry-in-virudhunagar/articleshow/67294063.cms,0.5
463,https://timesofindia.indiatimes.com/city/madurai/pregnant-woman-turns-hiv-positive-after-blood-transfusion/articleshow/67244584.cms,0.5
464,https://timesofindia.indiatimes.com/city/madurai/pregnant-woman-contracts-hiv-after-transfusion-in-tn/articleshow/67258162.cms,0.5
465,https://timesofindia.indiatimes.com/city/coimbatore/man-attacks-niece-born-with-hiv-for-sleeping-in-his-house/articleshow/67110209.cms,0.5
466,https://timesofindia.indiatimes.com/india/health-ministry-announced-implementation-of-hiv-aids-act-2017-all-you-need-to-know/articleshow/65764317.cms,0.5
467,https://timesofindia.indiatimes.com/india/when-meds-dont-heal-hiv-kids-fight-daily-war-with-side-effects/articleshow/65663512.cms,0.17080211639404297
468,https://timesofindia.indiatimes.com/life-style/health-fitness/health-news/i-told-my-boyfriend-i-was-hiv-positive-and-this-happened-/articleshow/66880405.cms,0.1484685242176056
469,https://timesofindia.indiatimes.com/life-style/health-fitness/health-news/pay-attention-to-these-7-very-common-hiv-symptoms-in-women/articleshow/66880738.cms,0.2591422498226166
470,https://timesofindia.indiatimes.com/city/chennai/transfusion-of-hiv-blood-panel-seeks-time-till-jan-9-to-give-report/articleshow/67401565.cms,0.5
471,https://timesofindia.indiatimes.com/city/mumbai/no-of-pregnant-women-testing-hiv-dips-still-over-600-this-year/articleshow/66890273.cms,0.5
472,https://timesofindia.indiatimes.com/life-style/health-fitness/health-news/busted5-hiv-aids-myths/articleshow/66880090.cms,0.05676281452178955
473,https://timesofindia.indiatimes.com/life-style/health-fitness/health-news/myths-and-taboos-related-to-aids/articleshow/66936585.cms,0.08142659068107605
474,https://timesofindia.indiatimes.com/city/mumbai/free-hiv-tests-at-six-rly-stns-for-a-week-from-dec-1/articleshow/66778185.cms,0.8035831451416016
475,https://timesofindia.indiatimes.com/city/chennai/hiv-blood-tranfusion-tamil-nadu-govt-assures-action-against-officials/articleshow/67394202.cms,0.5
476,https://timesofindia.indiatimes.com/city/madurai/autopsy-performed-on-hivve-donors-body-at-grh/articleshow/67356851.cms,0.5
477,https://timesofindia.indiatimes.com/city/madurai/hc-directs-to-videograph-hivve-donors-autopsy/articleshow/67330633.cms,0.17795568704605103
478,https://timesofindia.indiatimes.com/city/madurai/hiv-ve-tn-teen-who-attempted-suicide-dies/articleshow/67316060.cms,0.5
479,https://timesofindia.indiatimes.com/city/coimbatore/another-woman-claims-she-got-hiv-infected-blood/articleshow/67319072.cms,0.5
480,https://timesofindia.indiatimes.com/city/chennai/another-woman-says-she-got-hiv-from-donor-blood/articleshow/67293723.cms,0.5
481,https://timesofindia.indiatimes.com/city/madurai/hiv-case-5-member-panel-begins-inquiry-in-virudhunagar/articleshow/67294063.cms,0.5
482,https://timesofindia.indiatimes.com/city/madurai/pregnant-woman-turns-hiv-positive-after-blood-transfusion/articleshow/67244584.cms,0.5
483,https://timesofindia.indiatimes.com/city/madurai/pregnant-woman-contracts-hiv-after-transfusion-in-tn/articleshow/67258162.cms,0.5
484,https://timesofindia.indiatimes.com/city/coimbatore/man-attacks-niece-born-with-hiv-for-sleeping-in-his-house/articleshow/67110209.cms,0.5
485,https://timesofindia.indiatimes.com/india/health-ministry-announced-implementation-of-hiv-aids-act-2017-all-you-need-to-know/articleshow/65764317.cms,0.5
486,https://timesofindia.indiatimes.com/india/when-meds-dont-heal-hiv-kids-fight-daily-war-with-side-effects/articleshow/65663512.cms,0.17080211639404297
487,https://timesofindia.indiatimes.com/life-style/health-fitness/health-news/i-told-my-boyfriend-i-was-hiv-positive-and-this-happened-/articleshow/66880405.cms,0.1484685242176056
488,https://timesofindia.indiatimes.com/life-style/health-fitness/health-news/pay-attention-to-these-7-very-common-hiv-symptoms-in-women/articleshow/66880738.cms,0.2591422498226166
489,https://timesofindia.indiatimes.com/city/chennai/transfusion-of-hiv-blood-panel-seeks-time-till-jan-9-to-give-report/articleshow/67401565.cms,0.5
490,https://timesofindia.indiatimes.com/city/mumbai/no-of-pregnant-women-testing-hiv-dips-still-over-600-this-year/articleshow/66890273.cms,0.5
491,https://timesofindia.indiatimes.com/life-style/health-fitness/health-news/busted5-hiv-aids-myths/articleshow/66880090.cms,0.05676281452178955
492,https://timesofindia.indiatimes.com/life-style/health-fitness/health-news/myths-and-taboos-related-to-aids/articleshow/66936585.cms,0.08142659068107605
493,https://timesofindia.indiatimes.com/city/mumbai/free-hiv-tests-at-six-rly-stns-for-a-week-from-dec-1/articleshow/66778185.cms,0.8035831451416016
494,https://timesofindia.indiatimes.com/city/chennai/hiv-blood-tranfusion-tamil-nadu-govt-assures-action-against-officials/articleshow/67394202.cms,0.5
495,https://timesofindia.indiatimes.com/city/madurai/autopsy-performed-on-hivve-donors-body-at-grh/articleshow/67356851.cms,0.5
496,https://timesofindia.indiatimes.com/city/madurai/hc-directs-to-videograph-hivve-donors-autopsy/articleshow/67330633.cms,0.17795568704605103
497,https://timesofindia.indiatimes.com/city/madurai/hiv-ve-tn-teen-who-attempted-suicide-dies/articleshow/67316060.cms,0.5
498,https://timesofindia.indiatimes.com/city/coimbatore/another-woman-claims-she-got-hiv-infected-blood/articleshow/67319072.cms,0.5
499,https://timesofindia.indiatimes.com/city/chennai/another-woman-says-she-got-hiv-from-donor-blood/articleshow/67293723.cms,0.5
500,https://timesofindia.indiatimes.com/city/madurai/hiv-case-5-member-panel-begins-inquiry-in-virudhunagar/articleshow/67294063.cms,0.5
501,https://timesofindia.indiatimes.com/city/madurai/pregnant-woman-turns-hiv-positive-after-blood-transfusion/articleshow/67244584.cms,0.5
502,https://timesofindia.indiatimes.com/city/madurai/pregnant-woman-contracts-hiv-after-transfusion-in-tn/articleshow/67258162.cms,0.5
503,https://timesofindia.indiatimes.com/city/coimbatore/man-attacks-niece-born-with-hiv-for-sleeping-in-his-house/articleshow/67110209.cms,0.5
504,https://timesofindia.indiatimes.com/india/health-ministry-announced-implementation-of-hiv-aids-act-2017-all-you-need-to-know/articleshow/65764317.cms,0.5
505,https://timesofindia.indiatimes.com/india/when-meds-dont-heal-hiv-kids-fight-daily-war-with-side-effects/articleshow/65663512.cms,0.17080211639404297
506,https://timesofindia.indiatimes.com/life-style/health-fitness/health-news/i-told-my-boyfriend-i-was-hiv-positive-and-this-happened-/articleshow/66880405.cms,0.1484685242176056
507,https://timesofindia.indiatimes.com/life-style/health-fitness/health-news/pay-attention-to-these-7-very-common-hiv-symptoms-in-women/articleshow/66880738.cms,0.2591422498226166
508,https://timesofindia.indiatimes.com/city/chennai/transfusion-of-hiv-blood-panel-seeks-time-till-jan-9-to-give-report/articleshow/67401565.cms,0.5
509,https://timesofindia.indiatimes.com/city/mumbai/no-of-pregnant-women-testing-hiv-dips-still-over-600-this-year/articleshow/66890273.cms,0.5
510,https://timesofindia.indiatimes.com/life-style/health-fitness/health-news/busted5-hiv-aids-myths/articleshow/66880090.cms,0.05676281452178955
511,https://timesofindia.indiatimes.com/life-style/health-fitness/health-news/myths-and-taboos-related-to-aids/articleshow/66936585.cms,0.08142659068107605
512,https://timesofindia.indiatimes.com/city/mumbai/free-hiv-tests-at-six-rly-stns-for-a-week-from-dec-1/articleshow/66778185.cms,0.8035831451416016
513,https://timesofindia.indiatimes.com/city/chennai/hiv-blood-tranfusion-tamil-nadu-govt-assures-action-against-officials/articleshow/67394202.cms,0.5
514,https://timesofindia.indiatimes.com/city/madurai/autopsy-performed-on-hivve-donors-body-at-grh/articleshow/67356851.cms,0.5
515,https://timesofindia.indiatimes.com/city/madurai/hc-directs-to-videograph-hivve-donors-autopsy/articleshow/67330633.cms,0.17795568704605103
516,https://timesofindia.indiatimes.com/city/madurai/hiv-ve-tn-teen-who-attempted-suicide-dies/articleshow/67316060.cms,0.5
517,https://timesofindia.indiatimes.com/city/coimbatore/another-woman-claims-she-got-hiv-infected-blood/articleshow/67319072.cms,0.5
518,https://timesofindia.indiatimes.com/city/chennai/another-woman-says-she-got-hiv-from-donor-blood/articleshow/67293723.cms,0.5
519,https://timesofindia.indiatimes.com/city/madurai/hiv-case-5-member-panel-begins-inquiry-in-virudhunagar/articleshow/67294063.cms,0.5
520,https://timesofindia.indiatimes.com/city/madurai/pregnant-woman-turns-hiv-positive-after-blood-transfusion/articleshow/67244584.cms,0.5
521,https://timesofindia.indiatimes.com/city/madurai/pregnant-woman-contracts-hiv-after-transfusion-in-tn/articleshow/67258162.cms,0.5
522,https://timesofindia.indiatimes.com/city/coimbatore/man-attacks-niece-born-with-hiv-for-sleeping-in-his-house/articleshow/67110209.cms,0.5
523,https://timesofindia.indiatimes.com/india/health-ministry-announced-implementation-of-hiv-aids-act-2017-all-you-need-to-know/articleshow/65764317.cms,0.5
524,https://timesofindia.indiatimes.com/india/when-meds-dont-heal-hiv-kids-fight-daily-war-with-side-effects/articleshow/65663512.cms,0.17080211639404297
525,https://timesofindia.indiatimes.com/life-style/health-fitness/health-news/i-told-my-boyfriend-i-was-hiv-positive-and-this-happened-/articleshow/66880405.cms,0.1484685242176056
526,https://timesofindia.indiatimes.com/life-style/health-fitness/health-news/pay-attention-to-these-7-very-common-hiv-symptoms-in-women/articleshow/66880738.cms,0.2591422498226166
527,https://timesofindia.indiatimes.com/city/chennai/transfusion-of-hiv-blood-panel-seeks-time-till-jan-9-to-give-report/articleshow/67401565.cms,0.5
528,https://timesofindia.indiatimes.com/city/mumbai/no-of-pregnant-women-testing-hiv-dips-still-over-600-this-year/articleshow/66890273.cms,0.5
529,https://timesofindia.indiatimes.com/life-style/health-fitness/health-news/busted5-hiv-aids-myths/articleshow/66880090.cms,0.05676281452178955
530,https://timesofindia.indiatimes.com/life-style/health-fitness/health-news/myths-and-taboos-related-to-aids/articleshow/66936585.cms,0.08142659068107605
531,https://timesofindia.indiatimes.com/city/mumbai/free-hiv-tests-at-six-rly-stns-for-a-week-from-dec-1/articleshow/66778185.cms,0.8035831451416016
532,https://timesofindia.indiatimes.com/city/chennai/hiv-blood-tranfusion-tamil-nadu-govt-assures-action-against-officials/articleshow/67394202.cms,0.5
533,https://timesofindia.indiatimes.com/city/madurai/autopsy-performed-on-hivve-donors-body-at-grh/articleshow/67356851.cms,0.5
534,https://timesofindia.indiatimes.com/city/madurai/hc-directs-to-videograph-hivve-donors-autopsy/articleshow/67330633.cms,0.17795568704605103
535,https://timesofindia.indiatimes.com/city/madurai/hiv-ve-tn-teen-who-attempted-suicide-dies/articleshow/67316060.cms,0.5
536,https://timesofindia.indiatimes.com/city/coimbatore/another-woman-claims-she-got-hiv-infected-blood/articleshow/67319072.cms,0.5
537,https://timesofindia.indiatimes.com/city/chennai/another-woman-says-she-got-hiv-from-donor-blood/articleshow/67293723.cms,0.5
538,https://timesofindia.indiatimes.com/city/madurai/hiv-case-5-member-panel-begins-inquiry-in-virudhunagar/articleshow/67294063.cms,0.5
539,https://timesofindia.indiatimes.com/city/madurai/pregnant-woman-turns-hiv-positive-after-blood-transfusion/articleshow/67244584.cms,0.5
540,https://timesofindia.indiatimes.com/city/madurai/pregnant-woman-contracts-hiv-after-transfusion-in-tn/articleshow/67258162.cms,0.5
541,https://timesofindia.indiatimes.com/city/coimbatore/man-attacks-niece-born-with-hiv-for-sleeping-in-his-house/articleshow/67110209.cms,0.5
542,https://timesofindia.indiatimes.com/india/health-ministry-announced-implementation-of-hiv-aids-act-2017-all-you-need-to-know/articleshow/65764317.cms,0.5
543,https://timesofindia.indiatimes.com/india/when-meds-dont-heal-hiv-kids-fight-daily-war-with-side-effects/articleshow/65663512.cms,0.17080211639404297
544,https://timesofindia.indiatimes.com/life-style/health-fitness/health-news/i-told-my-boyfriend-i-was-hiv-positive-and-this-happened-/articleshow/66880405.cms,0.1484685242176056
545,https://timesofindia.indiatimes.com/life-style/health-fitness/health-news/pay-attention-to-these-7-very-common-hiv-symptoms-in-women/articleshow/66880738.cms,0.2591422498226166
546,https://timesofindia.indiatimes.com/city/chennai/transfusion-of-hiv-blood-panel-seeks-time-till-jan-9-to-give-report/articleshow/67401565.cms,0.5
547,https://timesofindia.indiatimes.com/city/mumbai/no-of-pregnant-women-testing-hiv-dips-still-over-600-this-year/articleshow/66890273.cms,0.5
548,https://timesofindia.indiatimes.com/life-style/health-fitness/health-news/busted5-hiv-aids-myths/articleshow/66880090.cms,0.05676281452178955
549,https://timesofindia.indiatimes.com/life-style/health-fitness/health-news/myths-and-taboos-related-to-aids/articleshow/66936585.cms,0.08142659068107605
550,https://timesofindia.indiatimes.com/city/mumbai/free-hiv-tests-at-six-rly-stns-for-a-week-from-dec-1/articleshow/66778185.cms,0.8035831451416016
551,https://timesofindia.indiatimes.com/city/chennai/hiv-blood-tranfusion-tamil-nadu-govt-assures-action-against-officials/articleshow/67394202.cms,0.5
552,https://timesofindia.indiatimes.com/city/madurai/autopsy-performed-on-hivve-donors-body-at-grh/articleshow/67356851.cms,0.5
553,https://timesofindia.indiatimes.com/city/madurai/hc-directs-to-videograph-hivve-donors-autopsy/articleshow/67330633.cms,0.17795568704605103
554,https://timesofindia.indiatimes.com/city/madurai/hiv-ve-tn-teen-who-attempted-suicide-dies/articleshow/67316060.cms,0.5
555,https://timesofindia.indiatimes.com/city/coimbatore/another-woman-claims-she-got-hiv-infected-blood/articleshow/67319072.cms,0.5
556,https://timesofindia.indiatimes.com/city/chennai/another-woman-says-she-got-hiv-from-donor-blood/articleshow/67293723.cms,0.5
557,https://timesofindia.indiatimes.com/city/madurai/hiv-case-5-member-panel-begins-inquiry-in-virudhunagar/articleshow/67294063.cms,0.5
558,https://timesofindia.indiatimes.com/city/madurai/pregnant-woman-turns-hiv-positive-after-blood-transfusion/articleshow/67244584.cms,0.5
559,https://timesofindia.indiatimes.com/city/madurai/pregnant-woman-contracts-hiv-after-transfusion-in-tn/articleshow/67258162.cms,0.5
560,https://timesofindia.indiatimes.com/city/coimbatore/man-attacks-niece-born-with-hiv-for-sleeping-in-his-house/articleshow/67110209.cms,0.5
561,https://timesofindia.indiatimes.com/india/health-ministry-announced-implementation-of-hiv-aids-act-2017-all-you-need-to-know/articleshow/65764317.cms,0.5
562,https://timesofindia.indiatimes.com/india/when-meds-dont-heal-hiv-kids-fight-daily-war-with-side-effects/articleshow/65663512.cms,0.17080211639404297
563,https://timesofindia.indiatimes.com/life-style/health-fitness/health-news/i-told-my-boyfriend-i-was-hiv-positive-and-this-happened-/articleshow/66880405.cms,0.1484685242176056
564,https://timesofindia.indiatimes.com/life-style/health-fitness/health-news/pay-attention-to-these-7-very-common-hiv-symptoms-in-women/articleshow/66880738.cms,0.2591422498226166
565,https://timesofindia.indiatimes.com/city/chennai/transfusion-of-hiv-blood-panel-seeks-time-till-jan-9-to-give-report/articleshow/67401565.cms,0.5
566,https://timesofindia.indiatimes.com/city/mumbai/no-of-pregnant-women-testing-hiv-dips-still-over-600-this-year/articleshow/66890273.cms,0.5
567,https://timesofindia.indiatimes.com/life-style/health-fitness/health-news/busted5-hiv-aids-myths/articleshow/66880090.cms,0.05676281452178955
568,https://timesofindia.indiatimes.com/life-style/health-fitness/health-news/myths-and-taboos-related-to-aids/articleshow/66936585.cms,0.08142659068107605
569,https://timesofindia.indiatimes.com/city/mumbai/free-hiv-tests-at-six-rly-stns-for-a-week-from-dec-1/articleshow/66778185.cms,0.8035831451416016
570,https://timesofindia.indiatimes.com/city/chennai/hiv-blood-tranfusion-tamil-nadu-govt-assures-action-against-officials/articleshow/67394202.cms,0.5
571,https://timesofindia.indiatimes.com/city/madurai/autopsy-performed-on-hivve-donors-body-at-grh/articleshow/67356851.cms,0.5
572,https://timesofindia.indiatimes.com/city/madurai/hc-directs-to-videograph-hivve-donors-autopsy/articleshow/67330633.cms,0.17795568704605103
573,https://timesofindia.indiatimes.com/city/madurai/hiv-ve-tn-teen-who-attempted-suicide-dies/articleshow/67316060.cms,0.5
574,https://timesofindia.indiatimes.com/city/coimbatore/another-woman-claims-she-got-hiv-infected-blood/articleshow/67319072.cms,0.5
575,https://timesofindia.indiatimes.com/city/chennai/another-woman-says-she-got-hiv-from-donor-blood/articleshow/67293723.cms,0.5
576,https://timesofindia.indiatimes.com/city/madurai/hiv-case-5-member-panel-begins-inquiry-in-virudhunagar/articleshow/67294063.cms,0.5
577,https://timesofindia.indiatimes.com/city/madurai/pregnant-woman-turns-hiv-positive-after-blood-transfusion/articleshow/67244584.cms,0.5
578,https://timesofindia.indiatimes.com/city/madurai/pregnant-woman-contracts-hiv-after-transfusion-in-tn/articleshow/67258162.cms,0.5
579,https://timesofindia.indiatimes.com/city/coimbatore/man-attacks-niece-born-with-hiv-for-sleeping-in-his-house/articleshow/67110209.cms,0.5
580,https://timesofindia.indiatimes.com/india/health-ministry-announced-implementation-of-hiv-aids-act-2017-all-you-need-to-know/articleshow/65764317.cms,0.5
581,https://timesofindia.indiatimes.com/india/when-meds-dont-heal-hiv-kids-fight-daily-war-with-side-effects/articleshow/65663512.cms,0.17080211639404297
582,https://timesofindia.indiatimes.com/life-style/health-fitness/health-news/i-told-my-boyfriend-i-was-hiv-positive-and-this-happened-/articleshow/66880405.cms,0.1484685242176056
583,https://timesofindia.indiatimes.com/life-style/health-fitness/health-news/pay-attention-to-these-7-very-common-hiv-symptoms-in-women/articleshow/66880738.cms,0.2591422498226166
584,https://timesofindia.indiatimes.com/city/chennai/transfusion-of-hiv-blood-panel-seeks-time-till-jan-9-to-give-report/articleshow/67401565.cms,0.5
585,https://timesofindia.indiatimes.com/city/mumbai/no-of-pregnant-women-testing-hiv-dips-still-over-600-this-year/articleshow/66890273.cms,0.5
586,https://timesofindia.indiatimes.com/life-style/health-fitness/health-news/busted5-hiv-aids-myths/articleshow/66880090.cms,0.05676281452178955
587,https://timesofindia.indiatimes.com/life-style/health-fitness/health-news/myths-and-taboos-related-to-aids/articleshow/66936585.cms,0.08142659068107605
588,https://timesofindia.indiatimes.com/city/mumbai/free-hiv-tests-at-six-rly-stns-for-a-week-from-dec-1/articleshow/66778185.cms,0.8035831451416016
589,https://timesofindia.indiatimes.com/city/chennai/hiv-blood-tranfusion-tamil-nadu-govt-assures-action-against-officials/articleshow/67394202.cms,0.5
590,https://timesofindia.indiatimes.com/city/madurai/autopsy-performed-on-hivve-donors-body-at-grh/articleshow/67356851.cms,0.5
591,https://timesofindia.indiatimes.com/city/madurai/hc-directs-to-videograph-hivve-donors-autopsy/articleshow/67330633.cms,0.17795568704605103
592,https://timesofindia.indiatimes.com/city/madurai/hiv-ve-tn-teen-who-attempted-suicide-dies/articleshow/67316060.cms,0.5
593,https://timesofindia.indiatimes.com/city/coimbatore/another-woman-claims-she-got-hiv-infected-blood/articleshow/67319072.cms,0.5
594,https://timesofindia.indiatimes.com/city/chennai/another-woman-says-she-got-hiv-from-donor-blood/articleshow/67293723.cms,0.5
595,https://timesofindia.indiatimes.com/city/madurai/hiv-case-5-member-panel-begins-inquiry-in-virudhunagar/articleshow/67294063.cms,0.5
596,https://timesofindia.indiatimes.com/city/madurai/pregnant-woman-turns-hiv-positive-after-blood-transfusion/articleshow/67244584.cms,0.5
597,https://timesofindia.indiatimes.com/city/madurai/pregnant-woman-contracts-hiv-after-transfusion-in-tn/articleshow/67258162.cms,0.5
598,https://timesofindia.indiatimes.com/city/coimbatore/man-attacks-niece-born-with-hiv-for-sleeping-in-his-house/articleshow/67110209.cms,0.5
599,https://timesofindia.indiatimes.com/india/health-ministry-announced-implementation-of-hiv-aids-act-2017-all-you-need-to-know/articleshow/65764317.cms,0.5
600,https://timesofindia.indiatimes.com/india/when-meds-dont-heal-hiv-kids-fight-daily-war-with-side-effects/articleshow/65663512.cms,0.17080211639404297
601,https://timesofindia.indiatimes.com/life-style/health-fitness/health-news/i-told-my-boyfriend-i-was-hiv-positive-and-this-happened-/articleshow/66880405.cms,0.1484685242176056
602,https://timesofindia.indiatimes.com/life-style/health-fitness/health-news/pay-attention-to-these-7-very-common-hiv-symptoms-in-women/articleshow/66880738.cms,0.2591422498226166
603,https://timesofindia.indiatimes.com/city/chennai/transfusion-of-hiv-blood-panel-seeks-time-till-jan-9-to-give-report/articleshow/67401565.cms,0.5
604,https://timesofindia.indiatimes.com/city/mumbai/no-of-pregnant-women-testing-hiv-dips-still-over-600-this-year/articleshow/66890273.cms,0.5
605,https://timesofindia.indiatimes.com/life-style/health-fitness/health-news/busted5-hiv-aids-myths/articleshow/66880090.cms,0.05676281452178955
606,https://timesofindia.indiatimes.com/life-style/health-fitness/health-news/myths-and-taboos-related-to-aids/articleshow/66936585.cms,0.08142659068107605
607,https://timesofindia.indiatimes.com/city/mumbai/free-hiv-tests-at-six-rly-stns-for-a-week-from-dec-1/articleshow/66778185.cms,0.8035831451416016
608,https://timesofindia.indiatimes.com/city/chennai/hiv-blood-tranfusion-tamil-nadu-govt-assures-action-against-officials/articleshow/67394202.cms,0.5
609,https://timesofindia.indiatimes.com/city/madurai/autopsy-performed-on-hivve-donors-body-at-grh/articleshow/67356851.cms,0.5
610,https://timesofindia.indiatimes.com/city/madurai/hc-directs-to-videograph-hivve-donors-autopsy/articleshow/67330633.cms,0.17795568704605103
611,https://timesofindia.indiatimes.com/city/madurai/hiv-ve-tn-teen-who-attempted-suicide-dies/articleshow/67316060.cms,0.5
612,https://timesofindia.indiatimes.com/city/coimbatore/another-woman-claims-she-got-hiv-infected-blood/articleshow/67319072.cms,0.5
613,https://timesofindia.indiatimes.com/city/chennai/another-woman-says-she-got-hiv-from-donor-blood/articleshow/67293723.cms,0.5
614,https://timesofindia.indiatimes.com/city/madurai/hiv-case-5-member-panel-begins-inquiry-in-virudhunagar/articleshow/67294063.cms,0.5
615,https://timesofindia.indiatimes.com/city/madurai/pregnant-woman-turns-hiv-positive-after-blood-transfusion/articleshow/67244584.cms,0.5
616,https://timesofindia.indiatimes.com/city/madurai/pregnant-woman-contracts-hiv-after-transfusion-in-tn/articleshow/67258162.cms,0.5
617,https://timesofindia.indiatimes.com/city/coimbatore/man-attacks-niece-born-with-hiv-for-sleeping-in-his-house/articleshow/67110209.cms,0.5
618,https://timesofindia.indiatimes.com/india/health-ministry-announced-implementation-of-hiv-aids-act-2017-all-you-need-to-know/articleshow/65764317.cms,0.5
619,https://timesofindia.indiatimes.com/india/when-meds-dont-heal-hiv-kids-fight-daily-war-with-side-effects/articleshow/65663512.cms,0.17080211639404297
