1,https://timesofindia.indiatimes.com/topic/HIV/1
2,https://timesofindia.indiatimes.com/topic/HIV/2
3,https://timesofindia.indiatimes.com/topic/HIV/3
4,https://timesofindia.indiatimes.com/topic/HIV/4
5,https://timesofindia.indiatimes.com/topic/HIV/5
6,https://timesofindia.indiatimes.com/topic/HIV/6
7,https://timesofindia.indiatimes.com/topic/HIV/7
8,https://timesofindia.indiatimes.com/topic/HIV/8
9,https://timesofindia.indiatimes.com/topic/HIV/9
10,https://timesofindia.indiatimes.com/topic/HIV/10
11,https://timesofindia.indiatimes.com/topic/HIV/11
12,https://timesofindia.indiatimes.com/topic/HIV/12
13,https://timesofindia.indiatimes.com/topic/HIV/13
14,https://timesofindia.indiatimes.com/topic/HIV/14
15,https://timesofindia.indiatimes.com/topic/HIV/15
16,https://timesofindia.indiatimes.com/topic/HIV/16
17,https://timesofindia.indiatimes.com/topic/HIV/17
18,https://timesofindia.indiatimes.com/topic/HIV/18
19,https://timesofindia.indiatimes.com/topic/HIV/19
20,https://timesofindia.indiatimes.com/topic/HIV/20
21,https://timesofindia.indiatimes.com/topic/HIV/21
22,https://timesofindia.indiatimes.com/topic/HIV/22
23,https://timesofindia.indiatimes.com/topic/HIV/23
24,https://timesofindia.indiatimes.com/topic/HIV/24
25,https://timesofindia.indiatimes.com/topic/HIV/25
26,https://timesofindia.indiatimes.com/topic/HIV/26
27,https://timesofindia.indiatimes.com/topic/HIV/27
28,https://timesofindia.indiatimes.com/topic/HIV/28
29,https://timesofindia.indiatimes.com/topic/HIV/29
30,https://timesofindia.indiatimes.com/topic/HIV/30
31,https://timesofindia.indiatimes.com/topic/HIV/31
32,https://timesofindia.indiatimes.com/topic/HIV/32
33,https://timesofindia.indiatimes.com/topic/HIV/33
